"","B cells_area","CD4 T cells memory_area","CD4 T cells naive_area","CD4 T cells regulatory_area","CD8 T cells_area","Fibroblasts_area","Myeloid DCs_area","Myeloid Granulocytes_area","Myeloid M1 macrophages_area","Myeloid M2 macrophages_area","Myeloid Monocytes_area","Tumor non-proliferating_area","Tumor proliferating_area","Vessel_area","B cells_eccentricity","CD4 T cells memory_eccentricity","CD4 T cells naive_eccentricity","CD4 T cells regulatory_eccentricity","CD8 T cells_eccentricity","Fibroblasts_eccentricity","Myeloid DCs_eccentricity","Myeloid Granulocytes_eccentricity","Myeloid M1 macrophages_eccentricity","Myeloid M2 macrophages_eccentricity","Myeloid Monocytes_eccentricity","Tumor non-proliferating_eccentricity","Tumor proliferating_eccentricity","Vessel_eccentricity","B cells_celldistance","CD4 T cells memory_celldistance","CD4 T cells naive_celldistance","CD4 T cells regulatory_celldistance","CD8 T cells_celldistance","Fibroblasts_celldistance","Myeloid DCs_celldistance","Myeloid Granulocytes_celldistance","Myeloid M1 macrophages_celldistance","Myeloid M2 macrophages_celldistance","Myeloid Monocytes_celldistance","Tumor non-proliferating_celldistance","Tumor proliferating_celldistance","Vessel_celldistance"
"S01_1","55.5625","56.0923076923077","67.64","53.36","57.7",42.1944444444444,"57.1153846153846","52.6714116251483",58.2448979591837,53.0690789473684,"53.1296296296296",121.633766233766,"116.274509803922",56.7212230215827,"0.550398173709372","0.590773452657031","0.633945715532991","0.600966751441411","0.605685975638458",0.617507669000922,"0.613671441756469","0.608234444560325",0.610190426289965,0.616059937854447,"0.57179694378862",0.669459263468107,"0.667811116975831",0.615324795054924,"-164.628606857359","-196.051300856287","-114.90757227711","-146.812619113499","-221.89664780354",-228.327409534176,"-221.826227393431","-200.244737063011",-166.480481183176,-251.362271222901,"-243.808406858184",48.2417661551122,"37.0418016254742",-237.797040501809
"S01_2","51.44","57.0833333333333","59.25","44.7272727272727","53.6818181818182",46.75,"55.9393939393939","54.6219686162625",59.1929260450161,48.5229357798165,"50.3559322033898",108.80174563591,"112.361445783133",57.572972972973,"0.590356011927249","0.589361263772849","0.591784118296415","0.593588778169059","0.533466092418879",0.630940717841236,"0.59076090655886","0.612173333227598",0.609386094824813,0.596263155239091,"0.62297096666655",0.637587439350804,"0.650899172620811",0.627412981812208,"-114.566794800944","-79.6307537427259","-78.4610960337479","-68.5495551366183","-47.1982357027653",-66.1896335568334,"-82.8640774070747","-73.4793365918707",-65.4021896727721,-75.6081080089866,"-99.5550720449369",28.730736838926,"15.0954688228706",-51.2840208152311
"S01_3","59.6222222222222","52.4285714285714","48.3846153846154","56.9375","65.3",55.6428571428571,"65.29","55.8070175438597",74.5552763819096,66.7666666666667,"58.3846153846154",126.879150066401,"132.673076923077",69.2037037037037,"0.623370882087153","0.632261668409784","0.578717184740596","0.548876691622485","0.561865846266809",0.640816579634428,"0.646643559782697","0.605204657169584",0.637185518874663,0.625461865331172,"0.59275095812486",0.64598741276312,"0.651122721696269",0.627383888279291,"-50.8719959406298","-58.4309706325923","-71.5728309623323","-54.7728789868482","-31.8072337517539",-29.1539572218103,"-33.3415440566293","-47.8363534383038",-43.8171976279011,-41.3743336469668,"-53.718264080651",41.0149112550808,"10.7573484336924",-40.6811280874625
"S02_1","0","77.625","0","71","66.5",64.64,"59.75","58.9268292682927",69.1333333333333,64.1754385964912,"63.125",107.212525667351,"123.391666666667",79.6840390879479,"0","0.700166558504833","0","0.704311014250721","0.610675376442842",0.716986390818724,"0.684116644186668","0.607579853328431",0.62274578245687,0.639081608546559,"0.572003573877151",0.640602734704784,"0.66707048032678",0.737957601999111,"0","-30.358375135335","0","-42.1941827489508","-74.8509940945373",-35.107292498163,"-38.5903275348023","-40.9946558735102",-31.7820545571583,-31.0938518149884,"-25.9657351775755",20.052278394764,"13.9058922946979",-20.509328614137
"S02_2","42.1851851851852","41.6748466257669","45.6774193548387","45.530612244898","49.0544554455446",32.5741935483871,"46.030303030303","38.7252747252747",47.2237442922374,45.0157480314961,"40.8208955223881",101.928217821782,"122.79797979798",44.4313186813187,"0.602781191265542","0.60383205910495","0.632500091236011","0.613037425410475","0.609612387386936",0.661481154252335,"0.613937119262385","0.613816837671252",0.632853963268917,0.622839192042636,"0.656369381507535",0.648991622455135,"0.676409423511561",0.655810904251045,"-64.0324492068089","-48.2671131992117","-48.4077853600831","-52.3957663939177","-37.2422019913873",-36.9206684801505,"-30.5330090391387","-48.6155831586846",-41.7735092879377,-44.24059575882,"-46.0649106846541",22.2331407208648,"11.7730850873729",-44.8427024776019
"S02_3","50.5454545454545","45.875","50.625","58.3333333333333","58.1428571428571",63.1230769230769,"44.9090909090909","52.2631578947368",56.8771929824561,58.56,"51.4",124.657935285054,"114.392694063927",57.7620967741936,"0.644794896870114","0.595057082709948","0.579466793968651","0.708306185507444","0.598888391143799",0.681528393532391,"0.617062564099218","0.576913158605937",0.666594886048366,0.620978193885969,"0.622116944039662",0.653156784297845,"0.671029195980006",0.661219014726341,"-26.4278172699157","-32.9935266082439","-32.1121405917403","-25.2125513703493","-11.3318361397811",-19.6231917098015,"-24.4299407794665","-31.4451501367068",-21.3806317336343,-17.7665336437754,"-26.7361742980166",30.6189047754155,"10.4339681985505",-23.3494219874694
"S03_1","0","54.9883720930233","50.5","57","63.328125",43.6995884773663,"78.3333333333333","58.448275862069",60.203125,67.3882352941176,"61.9285714285714",131.927184466019,"137.271844660194",67.3436754176611,"0","0.565840025147031","0.617139860823891","0.629971986293518","0.573594028666454",0.637375932364891,"0.605125765757063","0.59502762780207",0.594442829073754,0.619093151555315,"0.670441930337948",0.602416479449742,"0.599795869735399",0.640087840530404,"0","-110.030536584452","-58.3806579230953","-96.6027101414365","-66.3729004189403",-139.624464683762,"-52.2892040155958","-87.2968217275835",-81.9009745055603,-60.5979000078038,"-76.1136047612792",45.4040867483275,"28.5992163208811",-117.606717020454
"S03_2","50.5584415584416","49.1963696369637","51.7971014492754","52.7755102040816","50.8836120401338",47.2157738095238,"48.8118811881188","40.4285714285714",50.5179487179487,52.0769230769231,"40.3333333333333",125.75,"223.125",56.5543071161049,"0.588346012981403","0.597017470952861","0.60860735249975","0.591638175819689","0.594802516072267",0.64380251658546,"0.62391200697413","0.652025815883373",0.621755362271468,0.621898834318061,"0.615055668631832",0.624830537504228,"0.597534061307407",0.613003193160375,"-139.396861830258","-124.775696293951","-151.114321480048","-119.643992820097","-129.009144487407",-132.642713036291,"-74.1748783771492","-128.237192140175",-120.741048173696,-107.534233876307,"-150.553814657017",11.7215689271659,"8.30228148536914",-147.791936366491
"S03_3","46.6444444444444","52.9473684210526","46.5172413793103","61.2352941176471","53.4241071428571",48.5300859598854,"61.5934065934066","53.6212121212121",62.5739436619718,60.6289308176101,"52.5675675675676",95.4203152364273,"117.91847826087",63.4762865792129,"0.584420004444444","0.588849000789474","0.624265544827586","0.617385873529412","0.606384595982143",0.649156651002865,"0.608506925274725","0.629246221969697",0.641311542957747,0.626999773584906,"0.614931256756757",0.632188457618214,"0.659173953804348",0.621640656266398,"-160.998204888889","-112.256594273684","-116.147667482759","-79.8288003970588","-130.530561813839",-65.6938306418338,"-50.8743714285714","-72.0907601287879",-75.6007116926056,-65.6609579493711,"-61.0174141594595",8.58179680637478,"8.67233214673913",-57.853509509889
"S04_1","52.3333333333333","57.2871287128713","54.1111111111111","46.6666666666667","56.6744186046512",50.1651376146789,"65.2307692307692","54.7241379310345",70.7625,63.0138888888889,"48.4666666666667",113.572139303483,"258.5",63.7122507122507,"0.5097195","0.549425593267327","0.599919644444444","0.595214833333333","0.566728987209302",0.638898319266055,"0.588752473076923","0.606299810344828",0.5958789425,0.618174627777778,"0.686139773333333",0.656426143532338,"0.667974",0.609560580911681,"-116.2921","-83.9868767128713","-71.2512421111111","-86.19945","-96.5760494069768",-238.769037825688,"-41.8638755","-159.253644689655",-83.15972515375,-105.469599639352,"-145.093763733333",15.7531075567164,"20.2718",-182.252357742165
"S04_2","50.1818181818182","44.2042253521127","46.28","45.2380952380952","47.5140845070423",42.875,"52.6984126984127","60.8619047619048",60.7962085308057,51.3173431734317,"52.1565217391304",98.3365853658537,"129.131578947368",49.7382739212008,"0.562797464242424","0.548360517605634","0.589559172","0.646773080952381","0.576476777464789",0.622309170588235,"0.586383384126984","0.620279191190476",0.64567364549763,0.619531430627306,"0.621831799130435",0.656774915853659,"0.632871872368421",0.636204067542214,"-133.7253084","-124.383073197183","-129.380036626667","-158.182605714286","-120.315176420423",-126.889082995221,"-72.9715597888889","-72.2388537526905",-67.8164135739336,-97.9125048045019,"-105.177163217391",25.8034664090244,"55.1305886842105",-118.709353248901
"S04_3","49.7906976744186","54.921875","54.4810126582278","50.6538461538462","53.3677042801556",37.15,"63.7666666666667","53.9727891156463",57.5323741007194,54.5798611111111,"41.5555555555556",103.808510638298,"104.903225806452",58.081053698075,"0.607906011627907","0.592763497152778","0.584491740506329","0.587235269230769","0.59062875848249",0.6233100925,"0.634642773333333","0.600128740816327",0.603937971942446,0.624566256944444,"0.548861955555556",0.652330584160757,"0.657700735483871",0.604654417831814,"-154.125698139535","-147.681338836146","-157.702378341772","-139.243028076923","-142.593547564202",-97.64190125,"-74.4737136666667","-71.1496263880272",-85.5912947136691,-105.093671203854,"-87.3342631111111",43.8197073415603,"22.7394714516129",-116.609935147315
"S05_1","44.3676470588235","38.6951871657754","38.3846153846154","42.8372093023256","37.9494382022472",41.1752577319588,"52.5111111111111","43.1529411764706",50.0633946830266,46.9296636085627,"47.9882352941176",95.7466863033873,"85.6966292134831",48.2642405063291,"0.607655611764706","0.596484009090909","0.621434338461539","0.599150576744186","0.575760094382022",0.620491984536082,"0.598834617777778","0.618007758823529",0.619262054805726,0.614595144525994,"0.607795550588235",0.658478891546392,"0.659198116853933",0.627460184651899,"-160.899138220588","-114.42859971123","-131.309382307692","-69.3445092627907","-122.349091155056",-70.7063869347079,"-19.4803484888889","-111.617546141176",-75.4856954990593,-82.7434504587156,"-49.2270320823529",29.7438298979381,"21.7932986404494",-83.7201883072785
"S05_2","32.6666666666667","37.4333333333333","23.6666666666667","45","38",53.6910197869102,"44.75","29.047619047619",48.2477876106195,45.0714285714286,"51.603305785124",81.5865384615385,"91.4252873563218",57.4852607709751,"0.433510666666667","0.619840386666667","0.559635766666667","0.73303036","0.569890056164384",0.666728527245053,"0.70331775","0.663316211904762",0.646742852212389,0.621249463095238,"0.628413583471074",0.647816904230769,"0.647088440804598",0.639034959863946,"-130.099813333333","-71.7290567","-67.1284733333333","-95.280922","-103.363327339726",-28.8062089311568,"-53.928825875","-115.168698666667",-51.9339518566372,-65.987122127381,"-29.6435465768058",5.37477272615385,"2.91326758793103",-35.6636404414966
"S05_3","55.9333333333333","54.6428571428571","53.5714285714286","57","56.5485714285714",47.0789473684211,"59.4031007751938","53.1899109792285",61.8217821782178,58.9885931558935,"66.5714285714286",160.947183098592,"119.9",64.701724137931,"0.560662978666667","0.598480706632653","0.515970835714286","0.556525326666667","0.571870392",0.601790134210526,"0.588032358914729","0.585260484154303",0.591135495445545,0.587456978707224,"0.567815814285714",0.610949813732394,"0.59607826",0.622480517862069,"-355.291051733333","-246.001320153061","-239.56327","-143.814869466667","-279.523882051429",-347.921043078947,"-342.758625542636","-326.961180890208",-310.216673672079,-210.343969515932,"-84.7313128571429",30.3552550229577,"-21.8259146",-244.367918608621
"S06_1","0","61.0714285714286","0","72","74.5966386554622",50.3684210526316,"72.7464788732394","64.68",74.3396226415094,70.1219512195122,"49",105.963020030817,"119.714285714286",66.6626180836707,"0","0.588455207142857","0","0.5057121","0.568685924369748",0.654691157894737,"0.618568063380282","0.558112444",0.581410125471698,0.568672667073171,"0.2707205",0.640499811132512,"0.569885814285714",0.640080741430499,"0","-39.285237","0","-8.415365","0.0761210184873948",-79.5934671754386,"-10.3187165352113","-28.17878884",-13.9066974646226,-29.0841421484756,"-21.05845",38.8314276096225,"31.2704083333333",-33.4827794140891
"S06_2","57.6666666666667","64.4705882352941","0","75","67.6026490066225",50.8793103448276,"73.4657534246575","59.0123456790123",69.6,68.0884955752212,"67",116.552106430155,"96.1578947368421",66.369109947644,"0.6534681","0.585484495798319","0","0.60532855","0.562932903311258",0.624623681034483,"0.643940039726027","0.573629291358025",0.641193598888889,0.60868174159292,"0.560014533333333",0.625285907427938,"0.634002705263158",0.622780832984293,"-40.5735755555556","-39.6644262689076","0","-35.94502","-24.7275558013245",-67.8777953448276,"-14.0165798767123","-41.4400137160494",-15.7533291911111,-42.984426939646,"-87.30468",36.5672475581818,"29.7686487894737",-52.4769236934555
"S06_3","27.7333333333333","24.0909090909091","0","35","38.1492537313433",32.7743300423131,"33.9375","28.1612903225806",51.6029411764706,36.6136363636364,"33.6153846153846",86.6798886569241,"99.3933333333333",38.0030395136778,"0.427136553333333","0.5965247","0","0.6028357","0.579231394776119",0.673916504809591,"0.59271769375","0.628346612903226",0.660581785294118,0.6125903675,"0.631142646153846",0.605573727439109,"0.610046172666667",0.705476380243161,"-45.3189950666667","-43.7526581818182","0","-30.12876","-24.0586843059702",-36.5433594713681,"-25.9498838125","-46.7379640967742",-12.7644213904412,-30.4182878159091,"-27.7689757346154",24.179896424636,"25.0207229853333",-30.6365746825228
"S07_1","0","34","42","0","72.375",51.95,"52.5","45.6666666666667",50.5,57.8,"44.4",93.5554272517321,"110.069158878505",61.0386266094421,"0","0.57375945","0.729415","0","0.6373322",0.643973353462963,"0.728782983333333","0.490614333333333",0.71570084,0.627960452,"0.71280328",0.655671126558891,"0.678164837943925",0.64697914806867,"0","-29.130565","-27.5731","0","-7.118023875",-14.288938702963,"-17.8123893333333","2.42700233333333",-5.7801493,-5.695072904,"-11.93080684",4.41668445531178,"3.78871217100935",-15.4498173562232
"S07_2","43.4623655913978","41.2178217821782","46.1948717948718","46.625","38.640243902439",46.2130672674606,"40.2608695652174","29.1666666666667",46.0635696821516,37.8541666666667,"34.9375",65.4569536423841,"78.3466666666667",46.2313883299799,"0.609266368817204","0.610847474257426","0.626688498461539","0.6008980375","0.607569096341463",0.619150334081107,"0.70980367826087","0.5432401",0.632430077017115,0.632939296875,"0.6170930375",0.696396729139073,"0.684804881333333",0.614894404024145,"-155.891268612903","-74.9051492257426","-82.2269281810256","-64.648272","-64.8218795713415",-120.538316510621,"-25.7541146086957","-82.9493983333333",-128.477387015648,-123.053048775208,"-120.50485125",8.9921598602649,"4.86695959253333",-138.525119521328
"S07_3","0","66.5","0","0","65.8965517241379",58.9549295774648,"0","0",77.8571428571429,52.75,"0",70.0111731843575,"61.04",68.4916666666667,"0","0.63416025","0","0","0.628442472413793",0.650401469859155,"0","0",0.626917442857143,0.59958975,"0",0.624814958435754,"0.63793",0.637887426111111,"0","-71.801975","0","0","-22.3562407275862",-173.283202194366,"0","0",-140.012574285714,-166.722948875,"0",28.0532187027933,"18.1754548",-158.372379351111
"S08_1","48.3055555555556","58.0251396648045","59.4195402298851","54.3636363636364","57.4699453551913",43.75,"58.953488372093","50.625",59.4692307692308,57.343023255814,"57.75",86.2379788101059,"84.5512465373961",59.865671641791,"0.603762697222222","0.612861404944134","0.596839543103448","0.615231218181818","0.624600012568306",0.647486440227273,"0.644492381395349","0.6476254375",0.616460489230769,0.623698137209302,"0.625374061764706",0.646876828850856,"0.64172668132964",0.658690302985075,"-66.839549","-50.3746077094972","-49.8505968448276","-39.8015555454545","-44.7765337770492",-65.2039764371212,"-31.649901372093","-29.236559875",-48.2835093915385,-34.8903301401163,"-39.5649578992647",26.2138539576202,"14.3960771351801",-45.1566542344942
"S08_2","51.020202020202","46.7456896551724","50.2413793103448","52.7142857142857","49.09199318569",34.1833333333333,"37.3636363636364","39.3333333333333",48.8805970149254,48.8031496062992,"50.6153846153846",62.4942704354469,"57.4419191919192",46.3408360128617,"0.596221095959596","0.606502891810345","0.583282227528736","0.6660419","0.606720595059625",0.679791959166667,"0.575270490909091","0.541096666666667",0.614657807462687,0.600119719685039,"0.625362573076923",0.617050545737204,"0.644318047222222",0.644571244517685,"-63.158075969697","-59.6320904568965","-71.2505235632184","-63.0826653571429","-55.0773190698467",-169.491998283333,"-6.51446977272727","-54.9193906666667",-60.6134003880597,-47.1432477283465,"-44.7092485192308",31.625863512987,"16.621974969697",-84.7880978189389
"S08_3","52.3174603174603","51.6113744075829","51.3989071038251","50.2222222222222","48.5946902654867",30.8125,"50.25","39.8333333333333",47.5405405405405,46.3887323943662,"45.3529411764706",80.3444444444444,"72.6284403669725",46.5386243386243,"0.647437471428571","0.62001904549763","0.602154756830601","0.4984939","0.612090779292035",0.665971748214286,"0.598168433333333","0.68632305",0.619216027927928,0.63942312084507,"0.674365630588235",0.612488052222222,"0.636037356422018",0.642551892179894,"-64.8348926984127","-74.8233319075829","-79.6303978579235","-58.1642722222222","-68.327715099115",-164.887934017857,"-18.02121625","-98.0577465",-82.8960543783784,-76.4721729394366,"-77.5866455071765",47.7552607674667,"23.9938746307339",-116.456998093545
"S09_1","57.6666666666667","50.5083333333333","50.3529411764706","61.6904761904762","60.4285714285714",54.8877551020408,"61.3577981651376","42.0681818181818",55.8903225806452,64.9626666666667,"56.7358490566038",92.0954724409449,"119.280898876404",61.8776371308017,"0.6917067","0.5974211725","0.565502417647059","0.6336996","0.632850724489796",0.638813166326531,"0.617144760550459","0.583726286363636",0.603491436129032,0.604599538666667,"0.62791311509434",0.627692418700787,"0.623227302247191",0.628137473755274,"-8.67363988333333","-17.4802066133333","-14.8144793529412","-12.6993059285714","-7.90086771632653",-15.5621951020408,"-7.41598463316514","-17.2675185386364",-7.91435526322581,-7.5945148084,"-8.60651293962264",5.14830597943209,"6.36273262921348",-13.0601774307616
"S09_2","46.421875","46.5872235872236","48.0825688073394","47.6938775510204","51.7445054945055",46.2020202020202,"56.279197080292","46.1574074074074",55.4763313609467,59.2543640897756,"57.1838440111421",89.6340508806262,"119.057291666667",57.0120160213618,"0.55530053515625","0.578636454815725","0.597610643119266","0.62161572244898","0.596520143214286",0.613354277777778,"0.62045837709854","0.59304590462963",0.623879528698225,0.603227698503741,"0.607933925626741",0.638888941291585,"0.634430114583333",0.617728417116155,"-63.7534063046875","-31.3995704203931","-43.7130707788991","-27.8545033418367","-23.9743920701099",-17.3067861614141,"-8.09433046587774","-30.751997549537",-14.1765017886864,-12.6654780543392,"-8.88231176643454",8.10200533412916,"8.6783427375",-24.1507651301736
"S09_3","57.6666666666667","52.0967741935484","44.1111111111111","47.4666666666667","63.5601659751037",52.3970588235294,"49.3","39.9375",63.3628808864266,57.4263959390863,"63.2066420664207",91.0809294871795,"103.407079646018",62.9912434325744,"0.593360183333333","0.595522770967742","0.588509411111111","0.61449376","0.615237178008299",0.641955713823529,"0.6036974","0.590891559375",0.634353034903047,0.60548878893401,"0.633356508118081",0.651317812820513,"0.629107754867257",0.634913294500876,"-13.453603","-14.6240595819355","-11.1017771111111","-9.25239906666667","-1.18752746078838",-10.2407378123529,"-4.560889397","-7.3420458771875",-3.13316225518006,-3.09527999538071,"-1.28646779586716",8.0489420673718,"5.8173195969646",-11.0114007436077
"S10_1","0","50","0","0","0",41.0909090909091,"71.0714285714286","45.3888888888889",65.4848484848485,58.6470588235294,"71.8260869565217",89.7520383693046,"112",61.8401639344262,"0","0.9525585","0","0","0",0.582677236363636,"0.6008052","0.611975005555556",0.606567963636364,0.559813902941176,"0.625629447826087",0.616576874791367,"0.63348284784689",0.637923727459016,"0","-6.519072","0","0","0",-9.60572490909091,"-7.60176158571429","-10.1845533888889",-3.50129783333333,-5.48570354705882,"-1.1066908226087",4.54058891476739,"5.45648599421053",-17.5898916336066
"S10_2","0","68.2142857142857","48.3333333333333","54.7142857142857","0",53.7179487179487,"65.5","57.5555555555556",66.8823529411765,64.4268292682927,"48.9411764705882",81.9844020797227,"95.4528593508501",70.8879781420765,"0","0.644664328571429","0.580597333333333","0.531087728571429","0",0.625024992307692,"0.688434882142857","0.574588868518519",0.62420967254902,0.632262570731707,"0.604987011764706",0.641330746938186,"0.653716444621329",0.633693963046448,"0","-11.4765993642857","-22.7165246666667","-16.2151245714286","0",-14.1808192307692,"-7.43690958071429","-9.80298594444444",-7.63965562745098,-7.06898485609756,"-3.52105527647059",0.00411944592085503,"0.966093075831221",-14.6069596051913
"S10_3","0","39.9642857142857","29.2","38.8","44.7777777777778",41.8,"46.3333333333333","32.9692307692308",49.3125,48.6569343065693,"43.3392857142857",64.8314855875831,"80.2994923857868",49.0344467640919,"0","0.66708435","0.64763336","0.5915226","0.541546455555556",0.614252642352941,"0.611719583333333","0.585037509230769",0.571924514583333,0.618061117518248,"0.6006390875",0.621078311640798,"0.63825052284264",0.617583471085595,"0","-124.857640714286","-153.76206","-109.0855496","-146.825007777778",-97.0052845882353,"-82.762454025","-94.8291581507692",-40.5030035416667,-73.8865417306569,"-61.1174129964286",5.1377040252439,"6.75502779238579",-60.6917863852505
"S11_1","36.9166666666667","25.7575757575758","36.6","45","35.6206896551724",26.8595041322314,"30.4666666666667","33.7",31.8297872340426,40.1048387096774,"45.85",84.4664031620553,"100.129113924051",30.3119047619048,"0.661690658333333","0.604656196969697","0.5098217","0.59168015","0.648356206896552",0.676470135950413,"0.681407846666667","0.627432616",0.59095679787234,0.592546007258064,"0.58715827",0.700419781422925,"0.709768160759494",0.686599699761905,"-115.986264166667","-78.2897738787879","-127.18020445","-42.88844","-110.322537586207",-102.820103529752,"-18.9950402","-52.172931912",-69.2134383148936,-22.4968679983871,"-69.963344358",34.4359034638735,"33.3421602607595",-89.2005329237381
"S11_2","42.1597633136095","35.6656891495601","42.3146551724138","40.9583333333333","36.3837638376384",29.6789297658863,"40.5833333333333","31.1883116883117",38.8694029850746,36.2757575757576,"31.6346153846154",106.222760290557,"124.162436548223",36.9976525821596,"0.58213094556213","0.598314912316716","0.580743439482759","0.61175753125","0.575823722140221",0.654344670568562,"0.620850308333333","0.596987059090909",0.591529963432836,0.629277394545455,"0.588323471153846",0.674519091767554,"0.659114024619289",0.629171783098592,"-89.0250893491124","-100.049566017595","-101.60871712069","-98.3284832916667","-112.194026350554",-103.891750715719,"-31.6856611722222","-92.9999881266234",-90.6101239813433,-92.2354143857576,"-94.3258696153846",65.1485253748184,"68.32952034467",-103.364904639554
"S11_3","58.1326530612245","54.1446945337621","57.1481481481481","58","54.657200811359",48.4411764705882,"64.6524822695036","55.3333333333333",65.9695817490494,58.6830985915493,"56.4727272727273",91.7284848484849,"106.993197278912",60.4971521562246,"0.605168466326531","0.599557069131833","0.596454158201058","0.586121813559322","0.596456660851927",0.60944575127451,"0.592655982269504","0.634395671666667",0.62219253460076,0.621956903521127,"0.626406256363636",0.662732527515152,"0.676233683673469",0.617481015606184,"-76.0717717193878","-96.0985618180064","-91.9367071793651","-110.845082288136","-101.756872723732",-179.095564906863,"-18.228510748227","-118.810813575",-96.5681411863802,-142.375966689789,"-74.0872112872727",35.9746051682424,"34.0947102653061",-128.448248749634
"S12_1","38.3289986996099","37.603305785124","40.9794520547945","32.25","36.2556390977444",34.980198019802,"39.504854368932","30.4135338345865",40.3732057416268,38.777358490566,"38.0546875",87.9397590361446,"98.5",42.6248175182482,"0.572690066254877","0.561244931129477","0.542949347328767","0.58875880625","0.56523900556391",0.628863541584158,"0.622798663106796","0.59239032406015",0.609546746937799,0.610038159622642,"0.60598771484375",0.629373813253012,"0.63619069",0.616975365109489,"-79.6790430572172","-76.6613528559229","-89.2377090753425","-70.122139375","-75.646795493985",-57.9647215834984,"-61.0253147873786","-79.0070301729323",-76.8054159272727,-56.1854254988679,"-63.3815670375",4.68936820879518,"5.203349075",-55.4923764328467
"S12_2","0","46.6136363636364","40.4","55.2","52.125",38.9117647058824,"55.84","41.797520661157",50.2647058823529,53.1082802547771,"45.8448275862069",95.7395577395577,"122.581896551724",56.6646706586826,"0","0.609256054545455","0.59831882","0.63919805","0.67486266875",0.612677027941177,"0.630706992","0.598421300413223",0.581404007352941,0.624115812738854,"0.60035839137931",0.655396193366093,"0.663310104310345",0.636303137924152,"0","-77.0460960113636","-84.137464","-38.2448389","-99.00324270625",-49.6547165,"-25.1035588493333","-60.004199753719",-23.3733959823529,-40.0500145675159,"-41.7322112758621",9.22342236199017,"10.9723130474138",-22.4791987681936
"S12_3","50.4107142857143","46.8536585365854","45.0740740740741","51","45.280487804878",51.2291666666667,"54.0091743119266","39.9028571428571",50.2771084337349,55.3881118881119,"38.9166666666667",103.010339734121,"129.593023255814",56.8622047244095,"0.6089675375","0.587124626829268","0.637840177777778","0.576866122727273","0.592230498780488",0.67693601875,"0.612333810091743","0.582075838857143",0.606276992771084,0.612409381468532,"0.557913020833333",0.656075857474151,"0.680918813953488",0.628848671259843,"-111.04802425","-86.5949040731707","-104.854643","-68.7814258181818","-101.989727341463",-24.8192063660417,"-32.6681204633027","-76.2556953262857",-49.4419012662651,-41.5641185998951,"-60.7076784791667",9.73147947948301,"12.6685316860465",-34.2419735756168
"S13_1","64","51.1818181818182","51.4210526315789","30.3333333333333","58.4137931034483",42.3090909090909,"63.1578947368421","36.6666666666667",59.08,50.8311688311688,"58.5",109.331202046036,"92.7666666666667",52.7086834733894,"0.7891751","0.640943490909091","0.617187410526316","0.497919066666667","0.579181168965517",0.667127287832168,"0.672485252631579","0.638239355555556",0.641115746666667,0.646640662337662,"0.644835095",0.656207616624041,"0.638398923333333",0.648866041246499,"-69.79707","-34.1177989090909","-54.5281610526316","-43.2814433333333","-9.55595282413793",-30.4486198833566,"-10.9162828421053","-31.5836353333333",-13.2572218798933,-33.6532608311688,"1.97301435",32.045680842743,"13.6137158333333",-25.8000297392997
"S13_2","40.1481481481481","42.7090909090909","37.5833333333333","38.2380952380952","38.9413407821229",32.8805970149254,"33.5789473684211","34.75",41,35.6585365853659,"33.6785714285714",77.6315789473684,"84.25",43.76401179941,"0.605828696296296","0.562545085454545","0.582280548333333","0.572107266666667","0.597963206703911",0.657303870199005,"0.613290357894737","0.609755033333333",0.621828738,0.617993574390244,"0.608185582142857",0.667233554093567,"0.6834343",0.619384285722714,"-135.048909444444","-112.548858181818","-108.662871","-109.635098095238","-106.027652187709",-138.480044505307,"-81.8232434736842","-98.8425965166667",-91.62622697,-96.3184922548781,"-60.2045249035714",19.3655987833333,"11.2194677",-68.294826474236
"S13_3","41","55.9615384615385","53.75","71.125","66.5891472868217",53.024861878453,"61.4","56.6",66.6453488372093,54.9791666666667,"56.1728395061728",88.9539748953975,"87.314465408805",60.1769784172662,"0.7854392","0.618498","0.63839215","0.49959315","0.641552611627907",0.65849110718232,"0.63855442","0.68347302",0.629111142441861,0.606459116666667,"0.627193754320988",0.617207806035565,"0.63478123081761",0.648993581007194,"-32.99546","-35.9478712692308","-27.8936525","-42.463722625","-10.9302058354264",-25.7658847033149,"-16.04578701","-1.69875904",-11.8017680047093,-18.8831518283333,"-7.87518771728395",17.0621518893959,"10.0239949433962",-25.6177502928489
"S14_1","80","62.8","86","47.5","55.2",69.3846153846154,"86.3666666666667","67",76.7391304347826,73.2033898305085,"60",82.4084930477264,"92.6",69.4251592356688,"0.8611699","0.71003204","0.5974409","0.36786595","0.51215314",0.751459628994083,"0.6532417","0.7681099",0.610286843478261,0.616350010169492,"0.59656722",0.653099399158211,"0.62030046",0.70819351656051,"-6.985509","-25.0516996","1.862839","-24.429122","-25.0896878",-30.0125275893491,"12.6231364","-16.60879",23.1119856086957,16.4449839372881,"23.57419843",23.8717497613679,"27.686656",-20.2580891435987
"S14_2","32.6666666666667","57.1935483870968","57.5555555555556","60.6315789473684","55.1052631578947",54.7393617021277,"64.0175438596491","54.8757281553398",62.6416666666667,61.2283950617284,"73.8620689655172",106.038681948424,"91.7196261682243",60.7453703703704,"0.731507666666667","0.603695051612903","0.589177377777778","0.637292847368421","0.639661773684211",0.654622536702128,"0.620973756140351","0.620587136699029",0.627971251666667,0.647056983333333,"0.615899248275862",0.647819497421203,"0.638705668224299",0.651293844074074,"-95.17664","-59.2592289677419","-48.8131306666667","-59.2015453684211","-69.4266068421053",-34.9915164734043,"-25.827321245614","-40.0892352586408",-26.1515711675,-33.1373350617284,"-10.6345669689655",21.7683589129083,"17.1076822299065",-29.9466902789043
"S14_3","0","63.5714285714286","0","40","84",53.65,"81.5217391304348","60.5952380952381",80.9333333333333,71.88,"68.25",93.5287511230907,"100.478260869565",72.0776255707762,"0","0.6620737","0","0.80178335","0.6921889",0.63507444,"0.605457213043478","0.648712261904762",0.658588753333333,0.645258712,"0.651359525",0.656014912610063,"0.649735756521739",0.629068708219178,"0","-86.1173766857143","0","-12.9572935","-5.97284713333333",-39.3227086,"-22.6770602347826","-43.5431903261905",-14.7762446733333,-41.60330638,"-16.98814925",-14.1995454505436,"-8.55287999347826",-30.6595807354795
"S15_1","64","0","0","124","81.5294117647059",93.2839506172839,"58","43.8",75.9302325581395,85,"62.9523809523809",135.945730247406,"172.578313253012",102.72997032641,"0.5965547","0","0","0.8512441","0.567850535294118",0.659296310699588,"0.5522865","0.74130328",0.653367865116279,0.601781630769231,"0.611390796904762",0.61477334197925,"0.608920342971888",0.660854059347181,"31.208","0","0","-48.86003","7.26265324852941",-13.5498340798354,"-20.387679","-13.1148852",-0.0765392200000001,2.56125530769231,"1.00339264285714",17.6749780587175,"16.8039160200803",-17.5393992937685
"S15_2","61.125","65.84","64.8571428571429","82.7368421052632","80.4090909090909",65.9467213114754,"70.3","87.6666666666667",73.2156862745098,75.3294117647059,"60.4385964912281",108.951589595376,"117.922155688623",72.464,"0.595596275","0.582982276","0.569129585714286","0.631814615789474","0.623084493939394",0.66943476352459,"0.583059955","0.845254733333333",0.622721756862745,0.614731434117647,"0.623994347368421",0.628296423822254,"0.624578251497006",0.6638622408,"-3.29728665","-12.30245652","-7.28877942857143","-11.4416921578947","6.33049776363636",-12.0838863434426,"-7.967303005","-23.2915416666667",-4.27319107254902,-5.77357463235294,"-3.26372867359649",15.8363269114451,"12.7047824125749",-11.167044356
"S15_3","82","71.4705882352941","52.3333333333333","60.3333333333333","75.7142857142857",72.8888888888889,"65.25","64.2903225806452",77.4,75.7066666666667,"75.030303030303",119.573502722323,"137.925311203319",81.9150227617602,"0.7521759","0.720221576470588","0.591198066666667","0.633624466666667","0.592863660714286",0.655459575555556,"0.610519925","0.562417877419355",0.616491395,0.612582937333333,"0.642120372727273",0.632481852722323,"0.639122850622407",0.635802613657056,"-25.358682","-18.2940315882353","-5.99821666666667","-20.2708741666667","-4.95485175",-12.06007459,"-9.482547","-20.7525720967742",-12.421391725,-10.807844968,"-4.96283852378788",12.9534910417423,"13.6374664900415",-15.5897298362671
"S16_1","69.2857142857143","58.8229166666667","53.0769230769231","47.8571428571429","56.6454545454545",56.6279926335175,"57.7619047619048","79.2916666666667",68.8166666666667,62.4651162790698,"52.0769230769231",92,"0",69.9137931034483,"0.640454771428571","0.589327909375","0.579842792307692","0.590098028571429","0.596815577272727",0.647751027458563,"0.594981626904762","0.567008220833333",0.61614714,0.621679437209302,"0.637199356410256",0.7162585,"0",0.644053146674877,"-127.928054285714","-199.73613096875","-178.584582307692","-258.238776571429","-226.340592946364",-323.211910902394,"-353.822998833333","-390.583853333333",-251.840898426667,-329.246843372093,"-348.728780505128",5.3200818,"0",-324.076299826108
"S16_2","30","49.9565217391304","62.25","63.125","51.9397590361446",51.7007874015748,"57.2075471698113","57.2222222222222",57.3658536585366,60.80625,"62.4878048780488",88.1046959199384,"85.9240506329114",58.7875751503006,"0.7111579","0.587842948695652","0.5845783125","0.61950575","0.611234008674699",0.676502335958005,"0.652861883018868","0.615465051851852",0.649148819512195,0.626050666875,"0.63590683902439",0.620974546805235,"0.627314198734177",0.624745962925852,"-29.76518","-37.2524962028985","-42.6807004375","-44.85866875","-24.0656701807229",-29.472978,"12.1234578339623","-10.8058607777778",-5.62511495121951,-13.7316879875,"13.4543032170732",46.6476952779831,"31.4361083037975",-35.0817536238477
"S16_3","55.68","63.775","64.4230769230769","79.1176470588235","69.9090909090909",65.8064516129032,"71.2916666666667","62.3125",76.7837837837838,68.9462365591398,"62.6470588235294",92.992133726647,"91.0357142857143",65.5349301397206,"0.599673852","0.6180211275","0.605117884615385","0.616995911764706","0.683611145454545",0.663966906048387,"0.633456510416667","0.66580685625",0.593501564054054,0.635433215053763,"0.659105505882353",0.638199427531957,"0.648060732142857",0.602754452295409,"-32.73429856","-26.7099660625","-29.7880412307692","-20.1501997058824","-21.482174",-26.9670615294355,"-8.01672247916667","-13.952578225",-4.40066504189189,-11.8584818790323,"-0.103483429411765",19.2941942955998,"10.9800729642857",-35.7419655792415
"S17_1","46.2839506172839","42.5365853658537","49.344262295082","48.7674418604651","47.2376033057851",35.9682779456193,"47.12","41.877358490566",47.0224438902743,41.669387755102,"42.1217391304348",77.743654822335,"79.8918918918919",45.3111638954869,"0.602845354320988","0.586588637073171","0.629569718032787","0.59004551627907","0.583925152706612",0.62054741060423,"0.605472333333333","0.608105837735849",0.601424694488778,0.59599372,"0.603181360869565",0.627862833756345,"0.620566817567568",0.622765950831354,"-258.082511111111","-205.64747424878","-282.655596278689","-146.41945072093","-205.618938898698",-344.354285435045,"-150.710106376","-148.867526141981",-112.713611792469,-198.91113236,"-146.780356743478",20.3508146606599,"12.2303959189189",-207.704170393349
"S17_2","40.375","55.0769230769231","59.3055555555556","63.6521739130435","60.4472049689441",50.0869565217391,"48.5862068965517","47.55",57.5578231292517,63.0649350649351,"56.8538461538462",78.5643212508884,"98.5060096153846",64.9951923076923,"0.60547015","0.601153875096154","0.586632322222222","0.587249269565217","0.607943517701863",0.645824206956522,"0.614770103448276","0.629173921666667",0.627606359183673,0.61672571991342,"0.614501487692308",0.594444559744136,"0.601333438581731",0.620119120673077,"-54.6303925","-24.326683225","-27.6165603444444","-28.7630665217391","-14.4238681768323",-19.9398025130435,"-4.05685762068966","-20.6751056883333",-24.3656286632653,-10.7823456867532,"-3.27443767392308",21.5111038550888,"17.2499153207103",-13.258883486226
"S17_3","46.1","51.4722222222222","51.7619047619048","55.780487804878","56.3053097345133",37.9907692307692,"50.8709677419355","47.6909090909091",51.1,49.1913580246914,"53.1139896373057",83.3352999016716,"89.9365558912387",53.5128205128205,"0.610440076666667","0.593824110555556","0.577562651111111","0.578988948780488","0.611452125442478",0.680393166769231,"0.628362922580645","0.629626378181818",0.598274554615385,0.624922680246914,"0.612157076165803",0.631259223549656,"0.634998519033233",0.658470100732601,"-116.302079333333","-50.5320927572222","-54.2271857460317","-42.7747569292683","-23.5803211736726",-120.292365015385,"-28.5683239935484","-39.4808883090909",-27.1346583123077,-53.7217894814815,"-17.9517848164767",52.8207384751032,"19.5741398084592",-99.7177622893773
"S18_1","40.2727272727273","52.5555555555556","51.25","62.7037037037037","60.4695652173913",56.7543859649123,"58.4444444444444","45.4444444444444",54.5,63.8019801980198,"57.7786885245902",133.64461247637,"124.928870292887",59.455764075067,"0.635494545454545","0.600198164646465","0.61796251","0.668526814814815","0.598886516521739",0.676237409210526,"0.622529822222222","0.580346072222222",0.617499926470588,0.640131343564356,"0.591006406557377",0.67969518979206,"0.696678753138075",0.644009880428954,"-54.7576445454545","-53.6424289090909","-53.569991","-47.2375242592593","-38.3917557991304",-49.9209557105263,"-28.8621223333333","-67.4945078944444",-30.9712803294118,-52.5673686287129,"-30.6972980073771",79.4502280049149,"18.4035752970711",-53.678740069437
"S18_2","47","54.3","52","64.2857142857143","62.6307692307692",56.0588235294118,"78.5","53.4242424242424",58.1538461538462,65.258064516129,"63",121.630161579892,"114.302114803625",64.3743016759776,"0.6805143","0.609695246666667","0.5642805","0.6204376","0.609106444615385",0.678986255294118,"0.64550156","0.615518261818182",0.648738757692308,0.569804612903226,"0.637029932307692",0.644715052603232,"0.677884087613293",0.611510955307263,"-2.2624885","-11.2631691","-4.6138525","-19.2103585714286","19.8682036676923",-13.1532431529412,"2.1132131","12.1553915036364",7.71763685,1.9994759516129,"3.07519802615385",52.461703155763,"20.4107349679758",-9.39257706089385
"S18_3","72.5","55.0689655172414","57.6666666666667","57.72","67.6060606060606",56.1333333333333,"63.4285714285714","55.953125",77.3035714285714,69.0652173913043,"62.6315789473684",128.253787878788,"120.556603773585",67.1517027863777,"0.4661274","0.58838545","0.637617966666667","0.569311456","0.567532121212121",0.6643006675,"0.544024028571429","0.603711790625",0.613799083928571,0.630433789130435,"0.633238678947368",0.677330851515151,"0.695069522641509",0.630802625077399,"-3.1201155","-32.8728625358621","-37.0067506755556","-40.948663068","-14.580427969697",-40.6517994333333,"-9.02169135714286","15.9305458440937",-16.5387136964286,-26.20745392,"-0.730882847368421",45.1042405960859,"13.6477983962264",-31.4023881229102
"S19_1","62.3456790123457","59.8497409326425","67.2641509433962","70.6808510638298","70.4596912521441",49.2608695652174,"66.2608695652174","58.6",67.8192771084337,65.7135135135135,"62.9705882352941",106.092422980849,"94.1955555555556",66.3212435233161,"0.62969349691358","0.588045376165803","0.571958350943396","0.591241808510638","0.610842223036021",0.646565717391304,"0.649563769565217","0.637309606666667",0.612020304819277,0.622816513513514,"0.620644358823529",0.608546599242298,"0.648545417333333",0.619032376165803,"-30.5450917160494","-23.5592412642487","-30.5593106226415","-20.852032487234","18.7144256982847",-24.0168896521739,"-7.42221601304348","3.95819626666667",-2.11137817891566,-1.70462845032432,"11.1377273088235",51.9832919773106,"21.9696391942222",-20.1069833246114
"S19_2","62.0967741935484","61.5459770114943","64.566265060241","70.5063291139241","71.3391684901532",62.0894308943089,"59.0833333333333","51.5",68.8636363636364,71.3965517241379,"58.8181818181818",113.787234042553,"96.6558441558442",64.7167487684729,"0.570594780645161","0.608658712068965","0.619563389156626","0.622520675949367","0.604872224070022",0.632513201626016,"0.544393525","0.6108409",0.603207796363636,0.624737675517241,"0.659866195454546",0.599863043971631,"0.641690808051948",0.587381401108374,"-11.3616105806452","-44.2865324235632","-60.1970934903614","-54.9412974","-4.70060552450766",-72.0409577723577,"-11.9533558333333","-57.21176115",-30.5900923807273,-33.0613399594828,"23.3951259318182",86.181591843617,"35.6104063831169",-59.5194867133177
"S19_3","55.7693529178245","53.5703703703704","56.1586998087954","56.6393442622951","57.8789115646259",50.1948051948052,"54.7692307692308","56.7131147540984",59.2857142857143,66.0173913043478,"57.3953488372093",66.8796116504854,"54.6",63.7140549273021,"0.600704359579198","0.58986140462963","0.599014672007648","0.643082239344262","0.601233982938776",0.62508717012987,"0.655760030769231","0.61270428647541",0.607048345097403,0.59416754826087,"0.624792043023256",0.631226307378641,"0.62514438",0.590980616704362,"-181.086833785828","-238.437546605","-242.240499564054","-270.868762885246","-205.040249897007",-215.43216125974,"-115.331520692308","-112.957584568033",-215.920884913701,-245.072487849739,"-237.960845976744",39.8596460267184,"5.57701536",-253.413727547173
"S20_1","56.3333333333333","51.9677419354839","60.864406779661","62.2916666666667","54.135593220339",45.8051118210863,"57.1052631578947","57.6015325670498",60.4731182795699,58.071186440678,"55.1769911504425",78.792243767313,"99.8421052631579",59.5272353545735,"0.5508686","0.577559282580645","0.550155589830508","0.5429209875","0.567908749152542",0.627454896166134,"0.589211265789474","0.60310931954023",0.611231768100358,0.615286456610169,"0.595744623893805",0.65950505567867,"0.656058257894737",0.616569371901336,"-216.901242857143","-217.624920219355","-243.406573898305","-181.309696958333","-267.476343135593",-275.394154000639,"-218.222467100877","-236.845624417625",-185.771335274194,-230.065584423051,"-202.711172417699",15.0503534914958,"7.46655019473684",-208.809913825797
"S20_2","66.0967741935484","60.5405405405405","65.9545454545455","62.1724137931034","62.5454545454545",55.8350168350168,"63.4603174603175","53.7118644067797",70.3664122137405,71.7333333333333,"64.3714285714286",106.010917030568,"123.366336633663",65.2462203023758,"0.559905525806452","0.591379537162162","0.597056534090909","0.5774185","0.595718611818182",0.625546925589226,"0.613339280952381","0.597131376271186",0.627292705343511,0.635076714761905,"0.610059131428571",0.646642783548035,"0.665968735643564",0.615480393952484,"-66.4627876774194","-66.8587878614865","-83.3583525","-75.9038098944828","-51.3860893868687",-63.4398310774411,"-34.0440285857143","-63.4614500169492",-58.2105593175573,-50.5102724571429,"-47.0788792714286",45.9048510368777,"32.8290644653465",-60.3967779332613
"S21_1","95.5","55.8469387755102","55.0769230769231","56.3333333333333","81.1860885275519",47.864406779661,"69.1538461538462","64.875",92.405737704918,71.4223602484472,"86.4224137931034",110.498371335505,"110.391304347826",70.0397350993377,"0.65674715","0.621008190816327","0.654807738461539","0.628137525","0.619612290957543",0.655840381355932,"0.6487499","0.57459965",0.620325508196721,0.609208133540373,"0.629600798275862",0.620090037296417,"0.634037376086957",0.679131216556291,"-56.96032","-51.5631910714286","-64.5887899230769","-58.0541969166667","4.28970138468383",-98.6164775,"-10.4711406538462","-17.9607915",4.14401524733607,-38.0458276,"6.87515119224138",27.4689424864821,"14.6383525978261",-59.6456414749007
"S21_2","82.5714285714286","51","49.7894736842105","62.9","69.2274052478134",50.5,"63.4285714285714","68.9152542372881",72.4941176470588,60.04,"75.5034482758621",94.9502868068834,"95.1586206896552",60.2795031055901,"0.763438342857143","0.673820080519481","0.593536368421053","0.65801295","0.651703919387755",0.737652016666667,"0.602251038095238","0.618970083050847",0.6630673,0.63894363,"0.639506566206897",0.654204453632887,"0.671257177931034",0.701311782608696,"-54.6336614285714","-37.2804519272727","-42.387127","-38.19404025","-4.1880212872449",-86.8898590657895,"2.75143171904762","29.0568338288136",-5.12099797058824,-27.889394954,"12.5629785216069",48.2343860117591,"19.5795859317241",-40.8117742608696
"S21_3","44.28","44.9460043196544","50.3385826771654","48.5643564356436","47.7952047952048",36.8969072164948,"44.4313725490196","36.8279569892473",50.8469387755102,46.3935483870968,"45.75",80.3525179856115,"109.010752688172",48.8196994991653,"0.61583808","0.605427565226782","0.622161845669291","0.611371577227723","0.617360418451548",0.686449682817869,"0.617112741176471","0.621078628494624",0.601819050663265,0.635022733225806,"0.600696296969697",0.619797682014388,"0.651664532258065",0.653361675459099,"-82.24835514","-57.5351491596544","-70.2744927637795","-66.5642822158416","-56.8382904522078",-113.749428004467,"-46.9955361627451","-91.8775435080645",-40.1300840510204,-77.9722986880323,"-48.217622694697",16.7044377021583,"10.7895306935484",-111.842906949416
"S22_1","43.25","54.7205882352941","59.6666666666667","68.25","48.9310344827586",47.2115384615385,"58.3488372093023","58.448275862069",60.2678571428571,55.283185840708,"57.1698113207547",137.198439241917,"159.373271889401",67.7956777996071,"0.50165195","0.594752442647059","0.51228922","0.54086055","0.591242389655172",0.672404709615385,"0.629164095348837","0.650130787931035",0.620860369642857,0.627383461061947,"0.642447418867925",0.651016621727982,"0.658424669124424",0.652912353045187,"-114.275655","-46.4362672058824","-55.396884","-25.05258625","-78.1018177011494",-55.1060147435897,"-25.3435343755814","-26.5776690981207",-36.7537388794643,-31.7605398247788,"-34.0779079009434",31.6892505682274,"20.6491131751152",-33.1324895261473
"S22_2","0","66.5","0","73","69",53.2465753424658,"60","62.2727272727273",64.9354838709677,67.6666666666667,"61.0555555555556",125.795716639209,"118.686868686869",70.4848484848485,"0","0.6946724625","0","0.7652236","0.51858874",0.67356701369863,"0.57886115","0.694029663636364",0.611816848387097,0.68208365,"0.610425061111111",0.673848998352554,"0.649182371212121",0.672686226515152,"0","-12.382637875","0","-5.327757","0.7600934",-13.0371498630137,"-9.78757908333333","-8.27938436363636",-7.07584861290323,-4.13848999333333,"-14.7910478611111",30.9045493206524,"16.7546279636364",-11.9677468444318
"S22_3","41.8","38.968085106383","37.84375","42.2222222222222","43.2551724137931",29.6387959866221,"46.7441860465116","43.4117647058824",43.0138888888889,46.6923076923077,"36.1923076923077",85.2957222566646,"95.0261437908497",44.5210420841683,"0.57073001","0.562188278723404","0.556566990625","0.508948522222222","0.586499412781609",0.651671434481605,"0.625650393023256","0.579264564705882",0.613065315972222,0.622920965192308,"0.589947511538462",0.635541722554247,"0.680795604575163",0.644876794589178,"-50.2776615","-49.4765717840426","-57.1485796625","-39.9027777777778","-41.7888700505747",-76.9971085852843,"-20.7144002093023","-44.6242656176471",-36.6325241326389,-19.1833959459615,"-29.4532395769231",31.9739526048357,"19.5198749738562",-42.0555961243086
"S23_1","54","52.4679144385027","57.6859903381643","59.0252100840336","58.3670103092783",50.790780141844,"70.3711790393013","53.9102564102564",65.2727272727273,74.9766949152542,"66.7851851851852",111.468196037539,"121.335877862595",65.5,"0.55946267","0.603364107219251","0.591150539130435","0.605561457142857","0.606990124494845",0.612919264893617,"0.637755709606987","0.602039455769231",0.613613255023923,0.622485167309322,"0.633401184962963",0.657226813242961,"0.679270124427481",0.615451736514706,"-83.694903","-72.6728633663102","-75.3368493961353","-71.1399956579832","-59.3812513416495",-92.715773858156,"-7.17946367336245","-113.51276265641",-41.4966608998565,-19.2761279827966,"8.04673034",50.9976310992701,"37.8526415725191",-84.4849704795588
"S23_2","38.1666666666667","55.5918367346939","47.6818181818182","49.875","58.8949044585987",38.9484536082474,"66","47.25",61.7113402061856,59.9393203883495,"65.484126984127",86.7012987012987,"107.069970845481",59.3172628304821,"0.601727733333333","0.608369124744898","0.582953120454546","0.594284404166667","0.601106794904459",0.628065596391753,"0.62082357","0.616493488636364",0.647316891752577,0.626777903616505,"0.654620759523809",0.604570067727273,"0.630701215306122",0.635868630388802,"-237.967416666667","-195.299743071429","-260.683161363636","-188.270980125","-164.720432917197",-191.650014505155,"-25.1134575","-186.247087045455",-152.496692893814,-154.478199723786,"-71.7033771634921",107.858726717532,"85.0136286297376",-219.952829447278
"S23_3","46.9142857142857","57.6806722689076","56.6384615384615","57.3508771929825","61.7333333333333",46.1830985915493,"64.2777777777778","50.752688172043",68.7166666666667,61.0573770491803,"76.3384146341463",123.872909698997,"116.206896551724",61.7175324675325,"0.612464217142857","0.60894261977591","0.609297829230769","0.60666560877193","0.605847188636364",0.633160495070422,"0.676633872222222","0.597471849820788",0.617006203333333,0.616614877868852,"0.639749662195122",0.638842849331104,"0.633805765517241",0.63774386737013,"-144.647873085714","-132.664736968627","-149.883255792308","-119.008249210526","-126.633733169394",-183.809375863732,"-58.3618055555556","-173.064287739427",-72.9448980231667,-101.051007893033,"-34.1876255606707",116.96825848612,"27.9380330689655",-162.659722861526
"S24_1","51.4192307692308","52.9212962962963","53.0176470588235","55.7916666666667","54.0805369127517",40.015625,"54.8888888888889","40.5238095238095",57.8193548387097,59.6354166666667,"58.5660377358491",109.719594594595,"87.5284552845528",51.8091787439614,"0.595258791538462","0.578434548842593","0.591786558235294","0.6026543375","0.586794054865772",0.636927681770833,"0.577239158333333","0.587564947619048",0.592125991322581,0.626482029861111,"0.575303220754717",0.668646436148649,"0.69411726504065",0.605856957995169,"-153.649275965385","-103.359856582176","-135.405777988235","-122.8595733125","-95.0341769724832",-208.946834755208,"-86.4673026625","-179.558574238095",-143.961541607677,-111.679167156597,"-188.867361332075",31.8339361241554,"7.76451462227642",-235.97031821256
"S24_2","54.3333333333333","58.2264150943396","62.5789473684211","69.1875","68.0864197530864",57.9205298013245,"58.1914893617021","27.75",62.3676470588235,69.255,"62.741935483871",103.575052854123,"118.191780821918",63.4925373134328,"0.619713033333333","0.598947501886792","0.645589831578947","0.59405349375","0.601440487654321",0.695392156291391,"0.633003417021277","0.5264580625",0.608853992647059,0.6489606325,"0.660789287096774",0.643481969767442,"0.640091960273973",0.610580879875622,"-172.453466666667","-74.4112901037736","-53.5841427894737","-56.6050373375","-31.5550916432099",-185.284884298013,"-65.1042738659575","-79.18031",-109.610175939706,-103.3438273055,"-147.082857096774",21.87243839463,"16.8943106849315",-175.240165772711
"S24_3","51.6971830985916","51.5271903323263","56.1464174454829","53.8681318681319","53.4489942528736",43.5833333333333,"47.8","39.1190476190476",59.8166089965398,53.4821428571429,"52.8769230769231",61.3106267029973,"83.5",60.6571428571429,"0.583626711091549","0.577410850558912","0.586515714330218","0.627901548351648","0.563863657090517",0.596363867948718,"0.619510384705882","0.60403894047619",0.586859133910035,0.599569532589286,"0.602358633846154",0.663298963487738,"0.657706279787234",0.607787422857143,"-171.827166985915","-151.352533664894","-151.950618227414","-130.11281867033","-136.205591815079",-260.355298205128,"-63.0416976752941","-278.53738275",-99.6253834068166,-143.502893966964,"-271.328807773846",29.459446069782,"11.5894117659574",-288.880694574643
