"","Tumor.non.proliferating_intratumor_area","Tumor.non.proliferating_stromal_area","Tumor.non.proliferating_tumorfront_area","Tumor.proliferating_intratumor_area","Tumor.proliferating_tumorfront_area","Vessel._stromal_area","Vessel._tumorfront_area","Fibroblasts._stromal_area","Fibroblasts._tumorfront_area","CD4.T.cells.naive_stromal_area","CD4.T.cells.naive_tumorfront_area","CD4.T.cells.memory_stromal_area","CD4.T.cells.memory_tumorfront_area","CD4.T.cells.regulatory_stromal_area","CD4.T.cells.regulatory_tumorfront_area","B.cells._stromal_area","B.cells._tumorfront_area","CD8.T.cells._intratumor_area","CD8.T.cells._stromal_area","CD8.T.cells._tumorfront_area","Myeloid.M1.macrophages_stromal_area","Myeloid.M1.macrophages_tumorfront_area","Myeloid.M2.macrophages_stromal_area","Myeloid.M2.macrophages_tumorfront_area","Myeloid.Granulocytes_stromal_area","Myeloid.Granulocytes_tumorfront_area","Myeloid.DCs_stromal_area","Myeloid.DCs_tumorfront_area","Myeloid.Monocytes_stromal_area","Myeloid.Monocytes_tumorfront_area","Tumor.non.proliferating_intratumor_eccentricity","Tumor.non.proliferating_stromal_eccentricity","Tumor.non.proliferating_tumorfront_eccentricity","Tumor.proliferating_intratumor_eccentricity","Tumor.proliferating_tumorfront_eccentricity","Vessel._stromal_eccentricity","Vessel._tumorfront_eccentricity","Fibroblasts._stromal_eccentricity","Fibroblasts._tumorfront_eccentricity","CD4.T.cells.naive_stromal_eccentricity","CD4.T.cells.naive_tumorfront_eccentricity","CD4.T.cells.memory_stromal_eccentricity","CD4.T.cells.memory_tumorfront_eccentricity","CD4.T.cells.regulatory_stromal_eccentricity","CD4.T.cells.regulatory_tumorfront_eccentricity","B.cells._stromal_eccentricity","B.cells._tumorfront_eccentricity","CD8.T.cells._intratumor_eccentricity","CD8.T.cells._stromal_eccentricity","CD8.T.cells._tumorfront_eccentricity","Myeloid.M1.macrophages_stromal_eccentricity","Myeloid.M1.macrophages_tumorfront_eccentricity","Myeloid.M2.macrophages_stromal_eccentricity","Myeloid.M2.macrophages_tumorfront_eccentricity","Myeloid.Granulocytes_stromal_eccentricity","Myeloid.Granulocytes_tumorfront_eccentricity","Myeloid.DCs_stromal_eccentricity","Myeloid.DCs_tumorfront_eccentricity","Myeloid.Monocytes_stromal_eccentricity","Myeloid.Monocytes_tumorfront_eccentricity","Tumor.non.proliferating_tumorfront_celldistance","Tumor.proliferating_tumorfront_celldistance","Vessel._tumorfront_celldistance","Fibroblasts._tumorfront_celldistance","CD4.T.cells.naive_tumorfront_celldistance","CD4.T.cells.memory_tumorfront_celldistance","CD4.T.cells.regulatory_tumorfront_celldistance","B.cells._tumorfront_celldistance","CD8.T.cells._tumorfront_celldistance","Myeloid.M1.macrophages_tumorfront_celldistance","Myeloid.M2.macrophages_tumorfront_celldistance","Myeloid.Granulocytes_tumorfront_celldistance","Myeloid.DCs_tumorfront_celldistance","Myeloid.Monocytes_tumorfront_celldistance"
"OC01_001",124.349301397206,64.4,88.5686853766617,81.3333333333333,93.5294117647059,73.7414634146341,77.5396825396825,59.3852459016393,64.0866141732283,56.8571428571429,104,50.2857142857143,42,0,0,56.7,62.6666666666667,0,44.9285714285714,54,68.1875,45.3333333333333,60.2,45.7142857142857,63.7096774193548,63.7333333333333,61,0,72.75,48.5,0.645019613329075,0.625586796760073,0.650736083426188,0.624417855336581,0.663661611840474,0.631814642491698,0.653469350195014,0.629078105688853,0.643692092805316,0.6742612873899,0.330212910987681,0.684913168104104,0.622244655836549,0,0,0.538305026420666,0.727102559666547,0,0.564854851937354,0.551179309923233,0.623601125270446,0.510765977123898,0.606531410315122,0.651273431941693,0.5839403115076,0.639507088322791,0.790633117429518,0,0.588400078254694,0.46599621010948,5.9159891728449,8.31803121120588,-8.70252226779365,-10.4888354073858,-4.670271484,-8.58685508433333,0,-11.8820988453333,-10.4778411903333,-12.7291733943333,-11.1359504361429,-12.069256313,0,-10.667976065
"OC01_002",144.843406593407,61.3714285714286,92.3423728813559,151.818181818182,80.95,66.0169172932331,70.7980295566502,56.5011933174224,57.8934911242604,69.1818181818182,78,62.4615384615385,38.4285714285714,0,0,61.0133333333333,47.3333333333333,0,55.0344827586207,59.4666666666667,60.9375,37.7272727272727,43.6,41.8571428571429,58.5789473684211,68.5,122,60.5,58,60,0.653883356444075,0.631279306473706,0.664673819303162,0.683751271888106,0.669677372981633,0.652025410515975,0.673303504623048,0.633248219006421,0.647294773639033,0.625478900279328,0.624038383095935,0.662555926591794,0.578583535967009,0,0,0.619284819264737,0.478469249989838,0,0.637908736526703,0.592313309453214,0.59563488821419,0.642903014874813,0.447797358049831,0.683007675500084,0.699012187418281,0.624620505792729,0.619348421274334,0.615164384262227,0.683224969229827,0.396290967083244,6.48281710411356,7.70619815475,-9.7299504140936,-9.91573963463905,-16.02571585,-9.689345548,0,-14.1285679126667,-13.4291735518,-9.29005769227273,-15.8136583477143,-14.5052905075,-12.91695596,-18.1452503
"OC01_003",110.619834710744,53.4285714285714,97.1742919389978,108.857142857143,107.333333333333,65.64,67.0209205020921,57.7486187845304,63.3522727272727,52.6666666666667,48.5,53.5,55,0,0,56.8350515463918,85,0,57.0975609756098,58.2333333333333,57.0666666666667,47.5384615384615,62.75,51.5625,58.4766355140187,61.25,63,40.25,58.75,44.75,0.640517534485518,0.544346489529979,0.643317820554353,0.774092384114021,0.665452186456982,0.619626872044894,0.640485362891084,0.624010384163544,0.633623730796387,0.575750646237163,0.596407149017702,0.600973172440703,0.619719434702454,0,0,0.605478265089351,0.713500936885332,0,0.606330684174104,0.62658094464885,0.578123586335757,0.599501015178702,0.616502538853546,0.57607490427221,0.606725125324714,0.604501894250228,0.574676938735985,0.403815491877288,0.608314793211098,0.50410032888271,9.59935936189543,9.28079209676667,-7.34929118854393,-9.38527149235227,-7.006649986,-18.0936349,0,-10.7063947738571,-11.9107116605667,-8.71979722061538,-7.45148231875,-10.687364418375,-3.52839462025,-8.603062426
"OC02_001",90.6840277777778,40.6,91.8333333333333,90.4716981132076,79.5,71.8380952380952,74.1935483870968,57.5691489361702,44,64.5891472868217,57.1428571428571,64.1012658227848,65,44.25,151,64.5735294117647,66,80.9473684210526,57.7333333333333,73.5384615384615,64.9655172413793,67.6666666666667,57.0588235294118,40.5,64.5,0,75.7142857142857,70.5,69.0357142857143,61.7777777777778,0.607816825675521,0.534898272972124,0.633149132643708,0.648505128515397,0.66331510891297,0.598690128626539,0.574814893221018,0.619319537680217,0.54288248331809,0.603728974295485,0.589755194013271,0.612026484343403,0.555549251926656,0.613009209576199,0.777850709719403,0.646933100187547,0.76806239933718,0.658313910041426,0.601971842348797,0.605493354964126,0.567194939532073,0.574037307966413,0.621281981324432,0.473533156390578,0.605626063913079,0,0.514626335341415,0.79368099555709,0.572150498407377,0.655716201092875,10.7799539089,12.3408923545,-9.64391682751613,-13.2706419675,-10.6834210641905,-9.07044975610526,-2.3281152,-13.66163767,-2.98517529565385,-11.2020762473333,-12.3944504985,0,-3.631629993,-5.98554562
"OC02_002",80.996353691887,14,78.5055432372505,76.35,76.0769230769231,72.9869281045752,69.7058823529412,56.6685714285714,54.9615384615385,60.6266666666667,67.7936507936508,22.4,56.8333333333333,0,0,63.5,0,46.1818181818182,47.3614457831325,72.8571428571429,50.5384615384615,57,54.1428571428571,56.4444444444444,106,37.3333333333333,89,56,57.3,60.75,0.625024015215094,0.476347440734672,0.624388480909526,0.643577558175286,0.600859813610351,0.620178890886865,0.594139518428255,0.605174802158169,0.621743104002425,0.587662797657411,0.596788972081794,0.465716014273576,0.522066440836371,0,0,0.395252569289003,0,0.549932827172473,0.506910215474495,0.585267703654056,0.554017460769969,0.722819779809387,0.723944346482732,0.535765870453722,0.668252411924779,0.335027095878802,0.505564562425295,0.528676365547324,0.54468990734561,0.614060441315417,12.0204057331508,16.4416619703846,-6.24126490817647,-7.83682703984615,-8.16663116298413,-6.8618472655,0,0,3.38979940695238,-6.7714403778,-6.01439630066667,-11.9294718316667,-1.91490970833333,-6.3044339005625
"OC03_001",63.3671875,22,61.3218390804598,65.25,63.24,54.5116580310881,42.7553191489362,41.244616709733,27.4242424242424,40.8222222222222,37.4285714285714,38.0523560209424,38.3037974683544,25.2,26.4,36.4,33.625,57.88,35.969387755102,42.3243243243243,37.9838709677419,37.6470588235294,45.8378378378378,39.8333333333333,21.8,33.6666666666667,17.6666666666667,38.25,38.8095238095238,39.72,0.612994080258115,0.537318610054862,0.609172995033998,0.589350378543469,0.633731059354575,0.646817202465569,0.629021471364766,0.649819836677249,0.622883543453409,0.586173762720776,0.550676374826276,0.600352878223098,0.575244228978515,0.615103190870535,0.601188372307898,0.549227408416283,0.608631761700822,0.612054058893728,0.554052972890785,0.613562680242752,0.593539150754072,0.561425724690562,0.672194788024738,0.553867202352658,0.606043660335773,0.505750569428103,0.670337277407297,0.642629514170617,0.613150476549968,0.59774486623372,11.6294295299119,10.5028536144,-7.24910930746809,-12.2181603406818,-9.95744400235714,-9.86159348420253,-13.7003499444,-13.01557191475,-2.55165186195946,-8.87847029517647,-4.33097264183333,-6.337604202,-8.6996808465,-5.74060779804
"OC03_002",70.4953488372093,0,52.3294117647059,69.5,50.8235294117647,56.578073089701,49.136690647482,48.4983991462113,40.910447761194,42.02,42.0769230769231,42.0748299319728,42.3055555555556,34.0833333333333,40.4,29.875,33.3333333333333,50.6027397260274,39.8,46.202614379085,46.65,45,50.8125,39.5833333333333,30,0,54,47.3,49.625,40.7894736842105,0.689833574282154,0,0.637024621279245,0.648394576878991,0.592077286219174,0.636095911858692,0.654744215534436,0.647948659534322,0.656265691639986,0.581485419758718,0.557771467275012,0.603613661150902,0.557249976321174,0.575772641253261,0.550230921543567,0.623577677453198,0.614603776883922,0.591754639841937,0.591449075332505,0.593679379235922,0.600194040417411,0.594253946968169,0.564814485707965,0.494779631850553,0.722934859321112,0,0.685420518840079,0.590526937905183,0.593085350140903,0.649833212314867,10.7996596969812,11.6333375671765,-8.94933184958273,-10.7378273503284,-9.25460922926923,-10.1101629475926,-9.6438385172,-14.9520133033333,-1.64616998245752,-7.12324291921538,-7.29142311983333,0,-3.224334767,-2.64256271578947
"OC03_003",78.5471698113208,67.6818181818182,81.5860215053764,89.0555555555556,86.9142857142857,59.990089197225,60.2864864864865,53.1955671447197,52.5154185022026,41.9333333333333,0,44.1401869158879,57.6666666666667,46.2,0,47.2615384615385,0,0,51.5238095238095,85,52.0227272727273,48.5789473684211,55.5405405405405,83,45.1875,76,52.125,82,55.5217391304348,50.5,0.648927834033904,0.673162244475527,0.634363066191132,0.637540888546648,0.63588306749669,0.634931424297533,0.619477741716942,0.638372565358677,0.623634458562179,0.559962345881771,0,0.607422412772043,0.54030711564927,0.522863774874732,0,0.627616904455634,0,0,0.610275690442077,0.620874519368091,0.637261092610913,0.661383366493342,0.593702625750325,0.528170225115477,0.587697175537601,0.417420906682191,0.615308699672186,0.700461514509747,0.61476214755062,0.644312240846856,8.89011796746774,10.3619789730286,-9.29651642655405,-10.1391953109207,0,-8.641415177,0,0,-16.14589995,-12.3219050233684,-8.070890919,-6.902688867,-3.261110443,-6.1797112663
"OC04_001",90.0516853932584,10,74.2898550724638,80.1578947368421,82.1935483870968,45.7003816793893,54.0290697674419,35.920245398773,42.848,41.6011560693642,35.0666666666667,43.0220183486239,43.962962962963,35.32,36,40.4130434782609,54,64.8823529411765,42.7191011235955,47.0333333333333,42.9835616438356,47.7913043478261,38.1515151515151,37,45.4415584415584,40.375,32.375,40,40.8604651162791,40.5882352941176,0.64101493984767,0.612372435695794,0.630755732899471,0.632933488183675,0.614215131927948,0.643778145432813,0.609849016146162,0.608754515702446,0.617564419384003,0.596016955654145,0.614907151406077,0.603590231692462,0.64991090580627,0.594389591461264,0.755263801965649,0.58554243350201,0.577133849554735,0.604651414089424,0.607175654637771,0.61985769661857,0.601466585145658,0.613629256333069,0.615666622875494,0.730651277180277,0.592641341950738,0.564591503050198,0.641944720485912,0.571416070600995,0.630564731720952,0.558950912920532,10.9402295789814,11.3628202132151,-8.66490781736628,-7.724992077152,-7.11672524113333,-9.02524019819753,-5.4175300006,-6.384711049,-0.24235233655,-7.97725608987826,-5.457492627,-8.2583212155,-0.691830694571428,-4.09655982747059
"OC04_002",89.0252100840336,33.625,81.6885521885522,75.4264705882353,85.8631578947368,44.8740554156171,50.2324840764331,41.7859778597786,54.5393258426966,0,41.5,56.0909090909091,46.9411764705882,63.5,51,33.3333333333333,0,55,21,41,38.5384615384615,65.22,118,52,33.25,47.1212121212121,0,0,20,57.5,0.646934351120779,0.720803146807892,0.644684169855785,0.607396034733916,0.653450575500789,0.678033707649728,0.658653132943377,0.694955540805301,0.664555277622943,0,0.607222251715898,0.611746071061659,0.625981378708688,0.422747950092879,0.519414242338619,0.620122136818976,0,0.495800459339537,0.494079198838349,0.683360267923701,0.644338997969663,0.644092858245002,0.867086164095708,0.850373529403255,0.613339043070496,0.623897999740939,0,0,0.506081458484261,0.652048946161593,11.4501040927542,11.4688057616,-9.90692458318153,-9.16353238003371,-4.785088079,-6.09664314929412,-19.01233538,0,-8.58230337833333,-0.3637766758,-3.744805756,5.03094394718182,0,-6.374212073
"OC04_003",97.7737881508079,59.25,78.9027576197388,45.7058823529412,92.9565217391304,55.0157657657658,55.0610932475884,48.825641025641,45.8020833333333,54.1538461538462,50.6666666666667,42.375,62.5,43.6666666666667,56.25,44.8888888888889,37,79.4,40.4615384615385,55.3333333333333,48.5483870967742,56.0909090909091,16.6,45,21.5,0,79,75.75,45.1111111111111,44.75,0.655215386113882,0.588349105384581,0.638235848071703,0.607991089298253,0.700208028155845,0.63282858462814,0.635139200841109,0.642301352776148,0.662719998500125,0.565707864843647,0.742211288608308,0.574308204459059,0.657381254367651,0.765277522269143,0.705900262710758,0.575085526663684,0.458856468774666,0.666347588584075,0.627030544166084,0.620624780197546,0.613968371816453,0.668026387053082,0.512622559707743,0.665569554707486,0.339151180240907,0,0.376262181065675,0.557234263121679,0.578394122377006,0.600743088588427,10.1431165011016,10.4618959433913,-8.23727029184887,-10.3969295489931,-6.52190242466667,-9.898395710375,-9.61812552175,2.145466792,-6.054125392,-8.21591668272727,-9.15290461666667,0,1.7715976215,-3.076265649125
"OC05_001",63.9722222222222,53.3333333333333,72.8092909535452,95.4,87.6239316239316,41.6626686656672,42.9745508982036,27.0441176470588,32.6824644549763,46.3050847457627,45.8181818181818,40.782449725777,43.3636363636364,31.5,35.9285714285714,44.2990142387733,47.0934065934066,49,45.3664921465969,43.8449612403101,37.9174311926606,43.3366336633663,39.4705882352941,34.5333333333333,34.2857142857143,16.1666666666667,45.6,37.4285714285714,41.2045454545455,43.28125,0.655129584438055,0.685818097022269,0.644065012319858,0.534602377162988,0.671339533529949,0.604704834928829,0.606139682632405,0.654256616932182,0.688655222996168,0.592093364585076,0.583257253064773,0.598179080237954,0.624089351724128,0.68130233365106,0.612211746990996,0.60629173549243,0.575394559944403,0.725514236497207,0.602969217103713,0.617189553633436,0.614150759401681,0.627079453825287,0.640144003969502,0.609210052900439,0.631851299514488,0.642884714435993,0.678201453698695,0.660491329140482,0.652721958294936,0.665768565398905,8.44388092158435,8.83986391946154,-9.94200497285629,-8.53403152590047,-9.59792857572727,-9.94796157866883,-8.29705939428571,-10.9332823583901,-10.1520790221395,-7.85470780191089,-8.0163727294,-6.31275078933333,-5.89874535642857,-7.78033868584375
"OC05_002",88.1939393939394,20.5,72.7871621621622,99.9090909090909,75.6376811594203,39.7879581151832,44.3779264214047,23.875,32.12,32.1935483870968,40.675,27.8636363636364,41.348623853211,26.2285714285714,25.7777777777778,42.8872870249017,45.9636363636364,62.3888888888889,36.2068965517241,45.7042253521127,39.7808219178082,53.9024390243902,31.5333333333333,47.6153846153846,32.7906976744186,22.6666666666667,46.5,24,33.4126984126984,33.2307692307692,0.676104721753007,0.552454128812656,0.662937419027452,0.761750231177225,0.701740726958188,0.610724880278754,0.622246891077109,0.683362073561285,0.691440924350193,0.640571441456773,0.589713052339555,0.614826785439546,0.654251817260884,0.700548079235709,0.625601481275532,0.585954255768183,0.621661627489777,0.635983126482784,0.602384309693867,0.589283527262662,0.594646937228232,0.586825539050492,0.666130507805583,0.598289387120446,0.654323105230933,0.616855631638419,0.588825878111684,0.584986617585374,0.588427380537504,0.644242364279181,9.78588252864189,9.68603243356522,-9.89128820306689,-8.33784344366,-8.232110247575,-5.71227239089908,-9.26841089622222,-8.95265219916364,-3.51058447617606,-6.13085902007317,-4.50943235923077,-11.955455522,-12.16364865,-5.77547174892308
"OC05_003",82.9333333333333,53.9259259259259,81.1218045112782,78,89.5714285714286,50.7227414330218,50.4982698961938,37.6011560693642,44.4979423868313,31.72,68.125,37.3081761006289,46.9320388349515,38.5135135135135,54.3636363636364,37.8181818181818,44,84.3333333333333,39.7380952380952,48.5245901639344,54.5743243243243,64.3893805309735,42.5333333333333,45,35.2352941176471,49.9166666666667,46.6086956521739,52.8571428571429,25.8,44.1333333333333,0.694101634243878,0.626664260166428,0.656298731312062,0.769969321187849,0.636311140842528,0.640051033337798,0.632237666433513,0.645027703474332,0.634867232032785,0.56765549008791,0.598167168617331,0.616794959688319,0.625861285910643,0.597824149283709,0.636188433084212,0.744399567882556,0.532197164352629,0.649524390821084,0.639194857274271,0.635124684579949,0.630649300238917,0.616450919306532,0.585646059695813,0.662774601554306,0.615469479658931,0.584287227993271,0.57803609901995,0.595867181633707,0.486915442229318,0.635129532691272,7.12967322855789,8.77055903454286,-8.3628449123045,-9.48095114931481,-8.477305359125,-10.5516539148738,-10.862964296,-17.4264291433333,-11.6787387381148,-9.01345211883186,-7.87693890772727,-5.99630494188889,-8.13595483145714,-8.33436921813333
"OC06_001",119.097493036212,0,105.491228070175,123.153846153846,95.6969696969697,72.8529155787641,79.6960784313726,50.5625,35,65.8410914927769,80.3058823529412,61.2589641434263,59.125,41,73,59.3390557939914,63.4,76,62.4416775884666,84.972972972973,69.0097087378641,85.2619047619048,65.3314285714286,82.0952380952381,60.3738317757009,69.7777777777778,68,68.8888888888889,67.2191780821918,70.7179487179487,0.671561502399688,0,0.666429038804479,0.637414014648507,0.637417598856539,0.618767980673891,0.651151151640606,0.67243814288277,0.494238906110745,0.614816959746437,0.632106023570463,0.622521381719211,0.642981763884269,0.713561820657074,0.637537022134969,0.586794610700454,0.595126738206089,0.435263691314934,0.60674440859727,0.633300853736705,0.621675310800263,0.625178019910876,0.622173897992126,0.637253308457959,0.606621720830563,0.624185998023325,0.620516122492175,0.636292417422676,0.641712313234976,0.573725831614854,10.1231095194386,12.0150481608485,-8.56673059797059,-16.26822517,-8.56236854196471,-5.95636920629167,-16.75788804,-11.3652872088,-3.32658422672973,-9.63313897790476,-9.54288137509524,-7.38684302388889,-8.37228975922222,-5.63737097189744
"OC06_002",111.843058350101,61.6153846153846,98.3077830188679,101.04,115.771428571429,68.2317380352645,78.4650205761317,55.4929577464789,66.8888888888889,64.8352941176471,70.2794117647059,56.7575757575758,64.9574468085106,61.875,41,64.9862068965517,84.75,82.5,63.9756944444444,71.4817518248175,64.4692307692308,68.3917525773196,72.0493827160494,71.3953488372093,60.4237288135593,55.7857142857143,71.2777777777778,78.5,65.4698795180723,71.2636363636364,0.657622136727757,0.584227528345865,0.63776627207973,0.650493697852557,0.639324312906293,0.63113113936539,0.618115487762926,0.614559940721891,0.642040825972251,0.621102587025824,0.644225680370729,0.601337759939364,0.658884444446589,0.687533161656744,0.396935607146314,0.615594354987638,0.720801004682797,0.64603875944152,0.618737988098711,0.615403306407743,0.617366545500843,0.578140233530846,0.673478471700611,0.654959847999403,0.644160263850514,0.659217394503681,0.638888902287958,0.635905453764918,0.623477061760617,0.598942256660334,7.69706062691863,11.5172589873657,-9.95228659721399,-7.79803597733333,-8.97710760241177,-7.37896968378723,-15.7488497266667,-8.498961619125,-6.58835626659854,-7.69728097982474,-7.81890169597674,-8.78248288307143,-8.18058775882292,-8.03196671727273
"OC06_003",56.5,34.2,65.08,44,57,67.6390243902439,51.5416666666667,55.983922829582,53.8333333333333,61.9328063241107,51.2222222222222,51.8275862068966,57.2,114,0,50.8529411764706,31.5,0,55.9662921348315,50.9333333333333,60.9756097560976,30,54.5892857142857,26,55.8934426229508,48,85.8333333333333,0,60.8181818181818,38,0.630752561600871,0.843439544357729,0.615045697742854,0.542936215368338,0.615809075295462,0.601136993440348,0.602704710859026,0.608282319740882,0.630303086652053,0.581985261567997,0.581537318226833,0.593577279214105,0.640421143976125,0.729191018972383,0,0.57613639080543,0.452699072591942,0,0.595447508470549,0.62379771514911,0.583117896428527,0.613505392760271,0.596159512702177,0.544058820349418,0.591077770280677,0.775336277850334,0.679041366206069,0,0.61808198457811,0.383416858482174,10.45979181924,11.2567828993333,-10.255073477375,-11.0989892545,-8.79766317472222,-4.489492663,0,-4.9838526495,1.15012250346667,-8.39385779933333,-2.529531465,-11.51028673,0,-3.503636031
"OC07_001",82.7873303167421,38.25,71.4727272727273,82.4782608695652,86.9655172413793,49.4442953020134,51.6359223300971,39.7232219365895,38.7982456140351,40.2741935483871,28.25,40.4222222222222,43.3076923076923,35,33,46.1,35,87,43.8,96,43.0789473684211,39.4,33.6,56,32.8235294117647,46,43.75,0,30.4285714285714,33,0.633246793062652,0.75370630412476,0.63752483732682,0.660549064730994,0.674350080825495,0.584637253932584,0.609120133740175,0.615942269022244,0.598472103459137,0.625235178067916,0.673226161188888,0.575635970797444,0.578292217653591,0.481368109755118,0.692688030376719,0.667885643854737,0.491375187941719,0.834239409454037,0.618639094664051,0.604208506606844,0.595485379370067,0.660045906401556,0.687845916655067,0.774497532580077,0.639850882362758,0.622440989804806,0.726750763848962,0,0.577183311419838,0.71782495232837,10.8444802489964,11.3739150147931,-10.4504627222282,-10.3085247797807,-11.4418208895,-6.60307386330769,-4.480491837,-9.759836674,0.5518982805,-12.8308644519,-13.31545092,-12.28228889,0,-4.273954515
"OC07_002",95.860824742268,21.6666666666667,97.625,100.5,85.9473684210526,54.0496019595836,57.5192307692308,50.5924657534247,51.7777777777778,45.4912280701754,0,47.5294117647059,0,46.5,0,48.0204081632653,0,71,50.2352941176471,0,54.5965250965251,0,51.6086956521739,0,44.5507246376812,0,54.4,0,43.6153846153846,0,0.654468371741964,0.658105586514239,0.639619957770189,0.705565900885996,0.632765185285386,0.603919145782146,0.608153610867051,0.630636253828296,0.658914373968985,0.594199349532331,0,0.621767933547323,0,0.64086661995692,0,0.575070483872562,0,0.627407546302432,0.601448728224109,0,0.5930980689217,0,0.616450637514479,0,0.562600252396419,0,0.602304681371193,0,0.620442491482188,0,10.1069596946477,11.5446641811053,-7.78291852163462,-11.9027798546389,0,0,0,0,0,0,0,0,0,0
"OC07_003",100.343601895735,47.4,78.2886178861789,88.5882352941177,94.5,37.1994382022472,47.1933333333333,32.3587443946188,44.4662576687117,35.7027027027027,83,35.1963190184049,32.2727272727273,24.9,40.6666666666667,38.25,0,0,45,0,36.0451807228916,38.8148148148148,34.08,45.2,32.7183098591549,42.5,33.3571428571429,0,35.0769230769231,55.5,0.657692492044944,0.571888390785886,0.677188934651515,0.640377817188149,0.647766432589352,0.594560598317782,0.630729830748697,0.625298168513052,0.641532355114869,0.599466524160667,0.60033469783989,0.60992548393248,0.581067796719419,0.611545211514534,0.71027282611586,0.686711264535118,0,0,0.685099755937835,0,0.602189892999481,0.577503914372676,0.619381315353935,0.741854231984936,0.594553400788225,0.485081357698449,0.539776349721303,0,0.602814988806567,0.831591552076066,9.73138968341463,10.4420482632647,-8.47691971739333,-7.85073196988344,-10.03397636,-10.6549837917273,-7.99587468766667,0,0,-10.2862601315556,-7.2071593488,-4.782226542,0,-15.68362553
"OC08_001",80.9023066485753,55.25,64.2433460076046,70.0454545454545,60.2962962962963,44.16875,41.6125,33.2703862660944,37.3523316062176,40.780487804878,48.8571428571429,37.4929577464789,41.3953488372093,32.4,50.6666666666667,35.5294117647059,0,70.375,41.8545454545455,42.6,39.6274509803922,53.9545454545455,40.5,0,76,0,22.5,0,32.1818181818182,48.5,0.622281618051979,0.655164490949416,0.639937199865551,0.596061145782164,0.611802512711478,0.64285435411246,0.620395774003857,0.640071643940743,0.650713039680059,0.613361400941629,0.511421171235437,0.610817831090993,0.617911746425888,0.594876078916867,0.708378178951443,0.52156604795494,0,0.608450790219103,0.621499824582783,0.568042666037413,0.633723748933247,0.736271340865067,0.641926279978344,0,0.597194560207186,0,0.573182745117934,0,0.577060839701121,0.666694286306427,11.4089195030894,10.9168615282963,-5.949292122325,-7.75928384576166,-8.75565811,-7.24319791451163,-12.9058034676667,0,0.1000754491,-7.02847624859091,0,0,0,-1.8401598523
"OC08_002",87.3344594594595,50.7619047619048,74.0625711035267,67,78,42.2727272727273,50.7635135135135,44.8388998035363,50.8118556701031,44.8461538461538,34,41.2014388489209,46.0454545454545,36.2727272727273,42.2,39.2857142857143,0,0,36.936170212766,40.5263157894737,39.9365079365079,46.5087719298246,47.6666666666667,44.6666666666667,21,0,39.1666666666667,0,46.125,40,0.603073257688822,0.611982679443606,0.614202529751742,0.638838585478124,0.625142861352988,0.621002493436054,0.619028014613432,0.640614229903423,0.653722921542271,0.602666318216847,0.698722050860377,0.60544517637069,0.610048690731976,0.59740464767344,0.537954351880317,0.663864534400468,0,0,0.60501628951312,0.626720659540143,0.585564525416287,0.631982351297947,0.66448938225715,0.592962586240394,0.680803728423753,0,0.628185954980314,0,0.730239290759996,0.578570336321844,10.5846546866928,11.6219449045385,-7.36794853710811,-8.23664539869845,-9.354601769,-8.83682172784091,-9.480266019,0,-1.15874763363158,-4.12407669549123,-13.6768425533333,0,0,-6.70732665833333
"OC08_003",72.5532934131736,40.75,54.8352941176471,52.9411764705882,60.625,39.6688741721854,33.953488372093,34.3809523809524,35.4252873563218,39.2121212121212,33.6153846153846,39.9300699300699,34.9275362318841,20.8333333333333,20,41.6666666666667,0,51.4285714285714,33.3611111111111,35.9142857142857,38.6326530612245,41.4,39.8235294117647,33.3333333333333,0,0,0,53,47.3333333333333,41.7333333333333,0.609698784512367,0.486035919344621,0.61542750255547,0.557555737983214,0.623012647772542,0.640226681511936,0.610816049611392,0.662530346673293,0.668114138327493,0.640305233724985,0.608514093917264,0.621564212085924,0.596754706511038,0.640001895262368,0.764095202159598,0.569666751896696,0,0.643688958228578,0.672699802695098,0.704366793571349,0.678290835410215,0.616585325805278,0.702983798941283,0.590332719444022,0,0,0,0.531030608222127,0.468815282377159,0.651654070041062,9.89326222335798,11.782395815,-9.94902338451163,-7.84398232848276,-5.96243972707692,-7.50031936362319,-15.46085835,0,4.83401743848571,-1.57843401188,-0.811450550333333,0,-9.286933197,-3.19943866046667
"OC09_001",108.957928802589,64,91.8609271523179,67.8571428571429,106.705882352941,69.2397868561279,74.568,64.7661574618096,60.4568527918782,61.9117647058824,49.5714285714286,64.4820143884892,66.2222222222222,61.125,33,60.1875,84.6666666666667,79.3333333333333,64.9958333333333,65.8139534883721,54.948275862069,37.25,64.2571428571429,66,58.4,38,68.7258064516129,52.75,46.1578947368421,53,0.618868976564392,0.602590573437189,0.651543631811091,0.673608319868148,0.606523958986212,0.635229811080366,0.653975542824122,0.639462683138138,0.649053282121239,0.641496102604556,0.530931717876099,0.663149246349137,0.623159567759249,0.60288489074728,0.72827268856698,0.596141770005787,0.633219029876576,0.582085448483637,0.62659573501039,0.602014175114168,0.622902755895207,0.570097795897212,0.586195989305127,0.744891814732095,0.735629877236825,0.419017578421622,0.658673854722133,0.596293073322456,0.63243733957593,0.580923922242482,7.62374043143377,8.51540296564706,-9.833689007456,-9.35257363372081,-7.30751819214286,-12.5380804768333,1.190972567,-13.3711472933333,-6.72950584411628,-10.325620343,-9.819471539,-11.20921506,-8.8994077995,-3.3761467585
"OC09_002",120.872298624754,65.6666666666667,88.6985743380855,113.15,105.413793103448,69.9390243902439,75.6148148148148,69.6632124352332,72.4060913705584,57.2,66.8333333333333,72.6666666666667,43.1428571428571,76,93,47.7272727272727,71.5,71.6,65.9420289855072,65.4761904761905,63.3809523809524,66.8333333333333,78.4615384615385,59,40.5,72,60.9259259259259,98.7142857142857,51,69.2,0.60485498583817,0.584105549307017,0.650684399100315,0.602774239371339,0.63703186045669,0.65622823441872,0.637606035878583,0.658046831751751,0.673585173357776,0.558303787113771,0.681016436484925,0.650864700668655,0.585733639458484,0.566911592724032,0.794867616482134,0.522802112565163,0.687693384661437,0.633751134490284,0.620485742460049,0.639288564232978,0.603588640379441,0.74953193203282,0.616188285584748,0.783758242761934,0.461297573077575,0.690203513655564,0.612746953757854,0.608105279296049,0.586862640821441,0.599899377785896,7.73236938795927,10.9300841110345,-9.27269965407407,-9.07223882990863,-8.86074668016667,-5.996821615,-15.79483037,-12.8049965775,-1.21349815307143,-14.5699737961667,-12.02064314,-6.496676654,-11.0789680977143,-4.5783079192
"OC09_003",105.220125786164,54.6363636363636,88.2202852614897,83.2307692307692,109.933333333333,59.1452380952381,62.0483870967742,52.8302277432712,56.2433862433862,57.6315789473684,50.5,59.7903225806452,68.2285714285714,22,56.5,58.1240875912409,58.3076923076923,78.5,51.9459459459459,60.0909090909091,49.5909090909091,52.4761904761905,39.9090909090909,80,43.7777777777778,43.4285714285714,58.5833333333333,47.4444444444444,45.72,49.4,0.632932977484183,0.599995764332677,0.640580507096279,0.630077638485281,0.637409701371402,0.619229917731984,0.625675117908079,0.608780370070121,0.609729423047509,0.635663074293331,0.647852397975687,0.609400004771239,0.617660036979576,0.634655471757989,0.651928870421443,0.627383005994411,0.614408562052122,0.66576464923131,0.623083554121276,0.561240546060198,0.601992615706429,0.631977519880614,0.599855708850693,0.553515157854325,0.611079170911555,0.667400047241833,0.625705877769285,0.660651675621343,0.640070649111461,0.631290919163978,8.78103887826466,10.9124529438889,-9.571513025375,-9.99555919730159,-12.01942700075,-13.5153620934286,-11.334512903,-14.307726884,-6.58490114254545,-12.5003125301905,-7.6140202115,-14.3102734168571,-5.06435771477778,-5.92679807273333
"OC10_001",98.5806111696523,61.9871794871795,86.5680600214362,40.6666666666667,70.969696969697,74.6756756756757,68.5222222222222,65.1573033707865,54.9545454545455,51.875,10,64.3333333333333,51.4,69,50,62.2751677852349,38.5,106.6,59.7272727272727,56.1875,66.3870967741936,86.6,68.3333333333333,0,94.7368421052632,78,74.3076923076923,67.6,61.9642857142857,75.4666666666667,0.623020150839539,0.630734506034163,0.63358557371441,0.691324154398785,0.622428718862705,0.634575974647,0.628626872212498,0.640263363528127,0.658835478040375,0.513236346687549,0.674199862463242,0.596305095267852,0.641106948433513,0.628153200302633,0.770165458547492,0.619688034052853,0.694004864054881,0.567459079742235,0.590292266774223,0.656442131176503,0.637078584437558,0.688045161836751,0.575112811723489,0,0.578322963761547,0.572645188842613,0.639758778226881,0.631560658564912,0.666610695606951,0.657359026656602,7.11186119739336,5.96798157769697,-9.74603599636667,-11.7813562734545,-1.3,-11.1681165836,-15.42002371,-14.433944755,-7.9028970448125,-9.04931547743333,0,-10.1303371852222,-7.0978607964,-9.00245759126667
"OC10_002",104.370588235294,54.5,84.6102646351243,68,72.2105263157895,62.9012345679012,64.0472440944882,69.340206185567,62.4514106583072,51.1666666666667,77,64.9473684210526,58.5,0,0,54.25,0,97.6666666666667,55.4545454545455,59.5714285714286,60.2857142857143,54.875,64.6666666666667,64,84.5,0,34,45,57.5,60.7368421052632,0.616128136652497,0.568943793523876,0.622793368587885,0.654414372570924,0.634145446453545,0.60939666359563,0.62666159808624,0.635559759066704,0.653985011679331,0.483339179828031,0.745691515048199,0.597238585057941,0.611671932660895,0,0,0.541488793846474,0,0.786849285381133,0.679196783553133,0.631215874616957,0.632994028737042,0.577401218223721,0.665746714420973,0.546746688002941,0.554495911804589,0,0.566705204494028,0.474773565876762,0.646508354058992,0.60769358137688,7.2786873678332,7.08940474678947,-10.4561594019606,-9.82123946131975,-13.66676937,-11.5924774341429,0,0,-6.27848499652381,-10.683910238125,-13.44774307075,0,-15.887770975,-12.6812412781053
"OC10_003",110.289112534309,54,96.984011627907,67.6363636363636,86.75,60.3928571428571,68.099173553719,63.6875,63.7466666666667,0,0,0,0,0,0,0,0,67.125,0,80.2857142857143,72,60.5,0,0,0,54,0,27,0,0,0.608707719497324,0.521740435252712,0.62373012706492,0.668986262581604,0.655555630129134,0.62739598190609,0.626427330359443,0.666990154410472,0.663441629601123,0,0,0,0,0,0,0,0,0.584456654470635,0,0.465849931536202,0.570920828174846,0.593734205535853,0,0,0,0.612489592820627,0,0.710351703813714,0,0,9.19498802748546,9.57989648920833,-10.4872966562314,-9.30846131238667,0,0,0,0,-1.85309474628571,-8.069830382,0,-17.11484093,-9.438040521,0
"OC11_001",138.521693121693,0,119.662889518414,82.3846153846154,62,59.2969984202212,79.4285714285714,61.4809264305177,74.2545454545455,44.125,66.5,58.2083333333333,86.6666666666667,63.5,0,40.4,0,66.6666666666667,60.2727272727273,66.0909090909091,48,34,63.3333333333333,0,64,0,0,0,28.25,23,0.646586912092172,0,0.661530432353804,0.704696587297089,0.671795979773011,0.624409586961091,0.617772726206369,0.628855324275987,0.618486230217153,0.560124089183296,0.735909333688913,0.567165245941345,0.622067956112452,0.78709289788646,0,0.651925372536128,0,0.671658278850432,0.568220339097429,0.641660492666685,0.512392946392085,0.482967454946878,0.65604080212807,0,0.675926785957453,0,0,0,0.580443291787547,0.560877282967583,11.3381205937054,12.80352029,-9.30226933838571,-8.6372859038,-4.0285375075,-6.30852756933333,0,0,-5.076539901,-9.672747395,0,0,0,-10.7491567413333
"OC11_002",97.5547703180212,45.3809523809524,77.0325342465753,53.0833333333333,50.8,56.5151515151515,53.6231884057971,58.3613445378151,56.7538461538462,64.9545454545455,34,56.25,44,41,0,47.1538461538462,66,0,56.018691588785,58,51.4,41,51,53.5,53,0,0,0,35.6666666666667,62.3333333333333,0.645144312762642,0.682307798050066,0.646313155071809,0.676182032192812,0.685507814098057,0.626295556811394,0.633109990935679,0.630155254633267,0.642103699625622,0.67697694754867,0.31445131139953,0.638736899609868,0.7423564008605,0.517586568980567,0,0.663268008429285,0.57506248380354,0,0.644605077733276,0.612076253965929,0.598942937678791,0.648709523445985,0.655064672621624,0.795365884702521,0.564975495451439,0,0,0,0.626454160507589,0.545311897014193,9.50258441166781,11.9403858709,-11.103603991971,-9.43200715996923,-14.76657722,-9.796608329,0,-8.6932994565,-8.45088838811111,-11.4354969777778,-5.523339969,0,0,-14.96931686
"OC11_003",101,56.5,85.4736842105263,0,78.4,58.7835051546392,55.2,60.6850715746421,56.5094339622642,63.95,52,54.6724137931034,46,31,0,45.9444444444444,53.4545454545455,14,52.4701986754967,53.0408163265306,36.75,34.25,39.1666666666667,67,54,0,41.8571428571429,0,51.4583333333333,35,0.631889662603266,0.608260147654898,0.661504665212843,0,0.701659765571578,0.630689167573783,0.626592976518013,0.638305396172327,0.650292285646322,0.638939374165918,0.530548598169153,0.639452722347997,0.656050846919073,0.555928406605324,0,0.55745341392212,0.691494647300712,0.203653269990639,0.600397674805994,0.632325854451938,0.597756853264771,0.592588102892857,0.639764548481252,0.710703187182862,0.557570405769207,0,0.611282379402939,0,0.658123490918133,0.683896068108049,9.443475017,8.242733361,-4.32136494858571,-7.54522001298113,-16.89018475,-9.88640929511111,0,3.73352940045455,-6.47580679491837,-14.53570687425,-16.836173335,0,0,-7.315820107
"OC12_001",92.9743150684932,32,88.3049180327869,109.764705882353,90.8518518518518,48.7606461086637,61.1397379912664,28.1267123287671,48.2222222222222,46.1137123745819,53.3414634146341,41.5730337078652,45.6,29.4285714285714,43.6666666666667,47.2857142857143,57.8333333333333,70.4166666666667,52.6220806794055,58.8032786885246,41.5612244897959,61.4523809523809,43.8301886792453,65.2,47.7619047619048,70,50.2666666666667,60.85,37.1272727272727,54.1702127659574,0.621054103756702,0.536409216294903,0.664075073668462,0.65289162467918,0.661093223283788,0.634886721319958,0.613603748296609,0.654816389986279,0.633020543405544,0.634872979798659,0.609114181903295,0.634149755327144,0.615825217828258,0.712245455872882,0.603577483384156,0.647560179704686,0.680362964138503,0.525895964263422,0.62814859256344,0.624708464165732,0.629801123639576,0.602090293971627,0.633504742027484,0.56417622189329,0.667589142051653,0.832197262498864,0.609796328053136,0.632211956126961,0.631390900614221,0.640804836783058,11.633089457223,10.721001064679,-5.20371641126638,-5.67456265922222,-8.96016401830081,-10.615972559375,-11.535124146,-15.5670769841667,-6.5229547680082,-7.37640909819048,-6.823413049,-19.20559859,-6.591709223,-7.09400060087234
"OC12_002",125.459405940594,58.9523809523809,92.9302200751476,92.3,92.9155844155844,59.7254901960784,72.7859154929577,52.8888888888889,63.7272727272727,60.7575757575758,67.8111111111111,46.0909090909091,51.9230769230769,0,0,0,0,0,67.5,84.6818181818182,50.25,46.6842105263158,52,70.59375,47.5714285714286,52.3333333333333,29,74.5,55.5555555555556,61.0476190476191,0.610614136565201,0.628283336635502,0.641350255591136,0.628931368084296,0.63469940952353,0.630464626949047,0.649723645777469,0.760492501634169,0.688266817386057,0.639763008824854,0.643451339185955,0.638492637655453,0.516863098014557,0,0,0,0,0,0.475005239580676,0.591970475423375,0.670240686164518,0.581933934904609,0.608309764736655,0.665638174749241,0.606567268350492,0.677001607769354,0.516245114393084,0.502017501682323,0.656573065544465,0.626981834227239,7.30135991181267,3.60422495932468,-9.47349396037183,-8.57415878595454,-9.84939674751111,-9.52157888292308,0,0,-4.69600366463636,-9.70926626252632,-9.31934798928125,-10.8552088716667,-13.99578783,-9.75692423192857
"OC12_003",95.4886363636364,56.3333333333333,84.8865740740741,77,94.8,63.0870689655172,68.9467680608365,39.2678062678063,52.3125,59.6028880866426,63.3157894736842,53.6924369747899,55.4193548387097,45.0588235294118,46.5714285714286,52.4556962025316,0,0,55.1233480176211,60.859649122807,56.747311827957,63.9342105263158,61.6271186440678,63.5384615384615,45.7380952380952,55.5,66.5384615384615,64.551724137931,57.1751152073733,67.2337662337662,0.6389705851277,0.663255493588743,0.646770827239664,0.654595117690308,0.646469691978114,0.63319830148846,0.617858715382501,0.644092210187323,0.638966533355472,0.622275956283373,0.649301567399518,0.624631432558869,0.61512595365525,0.617338856063539,0.491145481936216,0.599327251252161,0,0,0.639928879501748,0.63078228939527,0.636287767561478,0.626367603756978,0.63069151419347,0.67244049677716,0.605539231692257,0.643760664175693,0.656868676213153,0.656000709930051,0.613964425744576,0.601923125085697,9.27061022549074,10.1599554652,-6.07543835548289,-9.0301539174375,-11.4258495647263,-10.7176121571398,-12.254785166,0,-10.1400732928421,-7.75718691898684,-9.16157041246154,-14.978651495,-9.57983788256896,-8.77206524685714
"OC13_001",119.583636363636,43.7272727272727,92.7665056360709,124.736842105263,89.8518518518518,71.2666666666667,75.1127450980392,70.0024213075061,67.3409090909091,70.3650793650794,76.1071428571429,69.6460674157303,66.3888888888889,67.2307692307692,69,49.0909090909091,46.25,94,69.1393442622951,70.8715596330275,62.6190476190476,54.6666666666667,61.6428571428571,79,41.2,71.6666666666667,46,81,55.2222222222222,61.8333333333333,0.613333949930751,0.671954807642853,0.646096653919452,0.655457311574519,0.660744350350053,0.652865504396458,0.660378723967964,0.743440690342221,0.71661140846843,0.674905895858698,0.690286420801185,0.684629280228532,0.650313119106327,0.662032043184745,0.674298557040661,0.656287593970953,0.574938632354444,0.60678997543565,0.617622793146851,0.635188665106224,0.721226066510445,0.629213656271081,0.643004723809457,0.609049228891186,0.532115145410363,0.611450603236944,0.663817486457868,0.771729499145133,0.655289802586093,0.610209798542072,8.53310875659903,9.13755590153704,-8.72412436030882,-10.9923325085758,-9.27185665239286,-8.06557405563889,-7.09269126276923,-6.0225669275,-1.13043324700459,-8.419302817,-11.297053449,-12.9014186483333,-8.08212102566667,-4.34839351608333
"OC13_002",128.87668161435,0,100.957805907173,112.130434782609,121.235294117647,63.8329519450801,70.1242937853107,51.6201550387597,57.8717948717949,58.8947368421053,49.8,57.3225806451613,61.7857142857143,44.5,61,56.8333333333333,62.25,93.9,56.9832402234637,71.7045454545455,64,54.8,48.4444444444444,63.8888888888889,47.5185185185185,56.2352941176471,39,69,74,48.5,0.620640841164686,0,0.636778535168642,0.620230688683173,0.635183827161224,0.606964982724908,0.624928839131833,0.609149866355394,0.656689447209143,0.585383793215486,0.757045938665393,0.623516909643345,0.664063647826666,0.411811722818041,0.679960975454913,0.593432763260891,0.595417887631694,0.616924419498814,0.583195700083931,0.635633159503361,0.621481901314144,0.524896839101849,0.590835900423365,0.694143302688655,0.607964134346517,0.618935887619011,0.628441242232235,0.79448184413626,0.64048823111358,0.680915421222372,10.2707828001603,11.7618074368235,-9.15448860618644,-11.2383744203462,-9.9712544288,-12.4073867772143,-10.5108616476667,-8.793196109,-9.19137939456818,-5.5696724397,-8.571966431,-9.70896374576471,-1.35773133,-7.848046918
"OC13_003",101.675879396985,13,81.166,110.721518987342,99.6994219653179,60.0425101214575,64.1806451612903,42.950495049505,36.8,52.6746411483254,65.11,47.1565934065934,56.4598930481283,45.8888888888889,40,55.8205128205128,55.2222222222222,77.7094017094017,52.6152019002375,66.6303854875283,55.4622641509434,66.2293577981651,53.25,60.1020408163265,38.1818181818182,32.5,78.3333333333333,59.5,45.9565217391304,58,0.624826041866734,0.523556754446835,0.631147183076926,0.641351536872906,0.642875849396608,0.604525814195281,0.637698712480442,0.639853237741847,0.573153321456109,0.621083017664712,0.620916990025916,0.622073861359565,0.626183862913167,0.711532840555444,0.629656317452397,0.576430243759322,0.625706051359282,0.649911877470102,0.613268155864308,0.627055961114654,0.62101673489439,0.631783684665507,0.604822671211776,0.599095852096021,0.602492342671907,0.558366217925649,0.660810461064186,0.642004642563549,0.644475938839171,0.649158284969259,8.260100532156,10.1853637147514,-9.2657780018,-11.6774604898,-9.40801269514,-9.13665072983422,-12.65009086,-11.8703859444815,-2.79472863537415,-9.53084161683486,-11.0725630707755,-7.597145419,-9.41584183466667,-9.04119223156
"OC17_001",138.505263157895,60,111.983516483516,147.107142857143,124.985714285714,53.043119266055,73.0097087378641,36.0332594235033,55.2894736842105,54.3972602739726,61.0833333333333,53.0123711340206,63.2328767123288,53.0434782608696,56.4444444444444,49.5833333333333,48,95.1111111111111,57.3690036900369,70.7586206896552,50.7068965517241,72.0869565217391,51.6181818181818,65.8,46.9285714285714,99,58.6842105263158,115.333333333333,46.1224489795918,70.1081081081081,0.67509274409967,0.831640042705867,0.652011062927283,0.677891628578689,0.660537160742131,0.612006182508857,0.62374704874736,0.640633916756532,0.607326928622833,0.578364361228091,0.585782805729113,0.608518030186945,0.610911480974422,0.680047884027288,0.702082975906682,0.530989766059295,0.609152202807501,0.653005852727843,0.604218850538411,0.612135515252266,0.565879462956668,0.635467949311025,0.596033474219931,0.604654529035111,0.592193558934448,0.681248982825594,0.650641409096314,0.69678367760568,0.608225458788652,0.604746003697392,10.6101793282802,13.2307949797,-8.32143554645631,-4.43473734963158,-9.70984182170833,-8.72478930484247,-4.17276046166667,-15.03801638,-3.29180866332759,-8.28729861313044,-11.2316217290667,-9.63383060733333,-7.18666571166667,-6.44594742643243
"OC17_002",110.648068669528,22,107.533653846154,125.929824561404,113.932432432432,57.9942329873126,67.6358024691358,40.2767295597484,52.75,53.2717391304348,61.9142857142857,52.5803571428571,57.8958333333333,20,67.5,0,0,76.9333333333333,50.8222222222222,56.7391304347826,56.4111111111111,72.3888888888889,62.7808219178082,69.1578947368421,47.3125,59.2142857142857,47.25,57,54.1038961038961,66.5789473684211,0.626625808642702,0.50482749683479,0.624248704981146,0.614695308102794,0.646046322060299,0.634569744131398,0.638344457003654,0.665602726687966,0.65569285555332,0.627934420091816,0.62845601427738,0.634552215656933,0.622686905916133,0.651186634749137,0.783449780250671,0,0,0.686905522179337,0.623427313167658,0.601985074953111,0.610634866517562,0.643696830200738,0.587811861211252,0.61429078819462,0.621112231671992,0.550967459399679,0.661233436296827,0.702572654015544,0.625858402007543,0.606171159499509,10.9725388302452,12.0745867850811,-9.36646366006173,-8.99265030297727,-8.02660152931429,-7.11156326264583,-15.616844225,0,-2.93548429547826,-7.60313199352778,-7.10912309784211,-3.91341733121429,-10.7467846,-5.78560045892105
"OC17_003",125.344444444444,0,90.4861111111111,113.56,85.6111111111111,40.8601271571299,59.9821428571429,26.2030947775629,42.4,34.5526315789474,58.1428571428571,36.229537366548,50.0188679245283,38.425,46.8,34,0,112,40.7649253731343,48.0526315789474,38.3197674418605,57.8064516129032,37.6666666666667,78.4166666666667,42.4298245614035,46.4347826086956,39.5,68.3333333333333,38.8111111111111,60.7142857142857,0.621631048957067,0,0.628927541928148,0.631342158049232,0.651177954630631,0.62370122916718,0.659753018283854,0.646752325699715,0.642222202071671,0.618711026490904,0.535870994975673,0.609447414990764,0.644246328099285,0.623470379072187,0.666073826996259,0.64864576752666,0,0.704494820769557,0.60192697885075,0.635024865943143,0.597456550381325,0.690574162858458,0.627937999689863,0.662380320094747,0.605252984609785,0.655473148581178,0.611590125445945,0.599967796593681,0.611896810911628,0.635505591072603,10.8053968320278,11.9675503594722,-8.52564167789286,-11.1762206527333,-12.8193649154286,-8.5287833820566,-8.74098012293333,0,-5.59152306547368,-7.000211467,-9.1293527885,-9.38173867652174,-2.87894721383333,-6.83362839390476
"OC18_001",75.6289592760181,0,74.4553571428571,106.571428571429,54.8333333333333,76.8875,48.3125,83.2857142857143,43.4166666666667,54.8859649122807,39.5,48.025,48,0,0,37.5,62,65.5,48.9194630872483,52.780487804878,65.3,51.5,71.6308724832215,31.8333333333333,43,0,0,0,66.2727272727273,32.5,0.589479700891504,0,0.659333056206486,0.620312929323646,0.754344137856705,0.602800094873796,0.583725934873664,0.634610943423751,0.677573775972736,0.611691042521016,0.569486522985772,0.641579153823197,0.544100468951124,0,0,0.596615205386445,0.76737093162389,0.624221438482646,0.564759423546344,0.624300535859685,0.566856027761363,0.558433370472012,0.620435302835097,0.659017860284963,0.533948378994452,0,0,0,0.547387128980695,0.665570068848986,13.0530020517857,10.7443602711667,-9.9228346848125,-6.66564382241667,-5.80944767721429,-3.0745518375,0,-10.423088817,-0.0710180338292682,-2.138976793,-8.42848067583333,0,0,-5.7583745685
"OC18_002",150.171220400729,0,120.96752368065,159.924242424242,146.972307692308,75.375,79.08,51.6,78.9893617021277,59.8,80.2037037037037,0,66.8571428571429,0,0,0,0,82.3333333333333,41.5,67.4888888888889,0,94.6666666666667,0,65.4444444444444,0,19,0,0,70,63.8666666666667,0.614184691493099,0,0.618239795729425,0.624819936287959,0.632331280629627,0.769713071694021,0.628078515871669,0.636939733626152,0.666021889641825,0.609872052475401,0.641617002754451,0,0.646675517713532,0,0,0,0,0.573917345578856,0.728523910970518,0.628428266964115,0,0.670927013385804,0,0.704970177721088,0,0.632280896446602,0,0,0.644458872302562,0.63975195904228,9.06578862008254,8.76583012868308,-11.06392427024,-8.79601113837234,-9.15842283701852,-13.9986909671429,0,0,1.96654391624444,-10.1249159234167,-8.47205261022222,-15.75179803,0,-6.9493911646
"OC18_003",107.852631578947,25,87.8553846153846,148.476635514019,133.635437881874,62.4202898550725,75.6734693877551,54.8833333333333,70.8651685393258,56.9479166666667,61.2582781456954,49.7478260869565,63.8260869565217,34,0,55.5714285714286,74.7777777777778,71.8571428571429,56.7149321266968,59.4285714285714,52.9,47.32,59.9794520547945,51.8222222222222,54.9180327868852,51.2083333333333,0,0,55.6595744680851,59.8308823529412,0.619258633959907,0.388155506457787,0.637096947201566,0.619095803478038,0.638345984666238,0.632885736567419,0.62859349467906,0.641135200658523,0.62743880769474,0.619530369545877,0.629760872493006,0.630058989685841,0.636143052751164,0.694684574711773,0,0.604806232476939,0.628663274332695,0.649220373989999,0.620091677014252,0.629567984348081,0.621093669720409,0.585399596218977,0.643786681167484,0.602924136134301,0.646714043776544,0.610120181894826,0,0,0.613579059178418,0.624452573984398,8.55483400806154,11.1863654136904,-9.00215015271429,-6.85941117295506,-7.08853057881457,-8.38958328397826,0,-14.8189795098889,-3.29954533458095,-7.26825799832,-8.41159182651111,-6.70292712275,0,-7.17177740159559
"OC19_001",121.71615720524,54.5,110.847980997625,115.285714285714,144.087719298246,87.456204379562,76.5925925925926,75.0331632653061,83.0651340996169,82.6854838709677,79.3181818181818,68.1506849315068,64.037037037037,57,65,80.2068965517241,121,95.0952380952381,76.353488372093,76.3365384615385,69.45,94.2727272727273,95.4117647058823,94.3333333333333,54.5714285714286,92.5,74.6,76.25,85.1578947368421,83.9,0.610835522529033,0.601479124025537,0.613396797194823,0.611593681610807,0.576285623635919,0.601758746337967,0.633756320429108,0.615765783016607,0.629222627973518,0.641721819900847,0.591451106734557,0.601678967374099,0.643809366751915,0.615343688572154,0.435966232880358,0.63219926913905,0.435938524123693,0.61115824769387,0.630493537557381,0.630144386301991,0.617079244785207,0.606174083426477,0.57436689677766,0.67652048816593,0.590186233637012,0.650035972389036,0.591558834162289,0.583289709845297,0.612408444547082,0.599539253254559,9.53158561847268,8.80963851163158,-6.80662998388889,-8.07783228752107,-9.80111054113636,-7.92756541825926,-7.009318263,-17.7743935,-4.30981713447115,-8.13216750509091,-9.01628974813333,-7.52652247575,-6.26044692675,-5.8248495859
"OC19_002",110.346760070053,0,95.5906432748538,139.888888888889,118.846153846154,63.3404255319149,66.8695652173913,43.6045627376426,52.6214285714286,60.7319587628866,64.6086956521739,46.8807339449541,62.8125,38,55.6666666666667,49.6666666666667,0,89.559748427673,55.0607142857143,68.8004926108374,78.8169014084507,75.6666666666667,44.3636363636364,68.8461538461538,41,46.5,65.4285714285714,53.0909090909091,59.7857142857143,65.7894736842105,0.597661145879498,0,0.628276340587358,0.548712949796939,0.61199063927926,0.636369708122442,0.623705610438291,0.673824701337276,0.685907202590074,0.651197601560401,0.630491919738186,0.638838706059842,0.672338611145885,0.518627838289492,0.702520097414342,0.533882603814312,0,0.605646347150133,0.622770270024598,0.62111348535394,0.593290670002148,0.62139482228184,0.594254970675503,0.658021000532005,0.134913581799829,0.520570903672142,0.618990357918571,0.54168971899755,0.608042035059552,0.645012859224384,10.1041034061053,8.47989560986538,-7.87093565930435,-9.67437012767857,-8.90735422018841,-9.696978323,-11.7935312033333,0,-0.278124726517241,-3.32205559158333,-8.93626990261538,-11.8096020915,-7.10280492581818,-5.03649698239474
"OC19_003",110.518018018018,21,99.0752351097179,112.1,98.75,62.5438596491228,78.9318181818182,46.2397959183673,54.5825242718447,60.5483870967742,65.4851485148515,50.7094017094017,58.0634920634921,47.3333333333333,46,60,83,88.5083798882682,60.0633608815427,73.4442307692308,54.3,73.25,51.7777777777778,60.125,0,35.5,53,66.9375,56.6923076923077,64.3809523809524,0.582860184688048,0.838271976824387,0.61518278980704,0.658119703739686,0.66385653346812,0.621640110455607,0.664187474009282,0.714285609364449,0.712993677298985,0.621942861205218,0.642783361502926,0.636730384595442,0.654173644977568,0.764518620607763,0.751447967011154,0.658173823746923,0.810567624644817,0.615249221256032,0.643057951094278,0.626765543234642,0.639666088444578,0.604509493035545,0.686237590369202,0.586243547176681,0,0.394883704673475,0.649449187125799,0.679347242600417,0.660570531702725,0.619948015244323,10.1675392852759,8.15654888275,-11.062965955,-9.76160007531068,-8.90957706258416,-8.52142474411111,-7.200145607,-7.642263975,-2.16657525092308,-6.67079467875,-9.03925648325,-7.3615099635,-5.5351842739375,-6.34898244457143
"OC20_001",85.9422110552764,42,64.4738041002278,79,61.7045454545455,54.940206185567,51.21875,47.576030927835,40.169696969697,42,40,40.3285714285714,42.5952380952381,35.8333333333333,36.5,46.2055555555556,35.2,57.5625,42.5989583333333,48.16,44.5263157894737,35.8,50.6666666666667,20.5,0,14,12,0,38.6,33,0.624232520001957,0.569654828270608,0.634933595801861,0.657633168867002,0.629956315946373,0.670862793048303,0.635352793999354,0.679592368884535,0.653923468127961,0.69931896625826,0.45174351431136,0.675006446827418,0.638542097479816,0.63909882175506,0.64244969219259,0.67660083062936,0.65702637997888,0.659072905265333,0.676496354532909,0.626441243409983,0.669561787359877,0.589224892068834,0.663327675289027,0.59186110113527,0,0.203653269990639,0.683130051063973,0,0.677449060753793,0.521840278493037,11.3724855138018,9.35644831343182,-3.96505947596875,-4.69044572629091,-2.715760586,-4.7889842937381,-2.7402227165,-3.9907889984,-1.96585681236,-6.3578753322,-11.5494572625,-6.892977612,0,-8.582987467
"OC20_002",81.8137802607076,41.8333333333333,75,52.75,43.1666666666667,52.2909567496723,61.9642857142857,43.7164948453608,42.8725490196078,43.5625,46.5,47.6030405405405,48.2258064516129,44.4230769230769,26.8,45.3846153846154,54.1666666666667,68.3913043478261,45.2305764411028,51.1139240506329,42.9722222222222,33.5,47,52,20.8,16,45.5714285714286,0,48.5333333333333,24.5,0.640957483321706,0.682490541433802,0.62983601237084,0.78920812632494,0.711387429993913,0.651786676816338,0.674843342032694,0.651752985695721,0.662830971882117,0.611499478543345,0.672681410061347,0.636895887637668,0.630525642845645,0.642886992901146,0.651373250424839,0.62177147811962,0.540012791339441,0.680439618628544,0.621825256848309,0.617136952668246,0.605886665000599,0.645759141517023,0.652745916166692,0.779455306008917,0.499408228695131,0.740971222810684,0.589805611482005,0,0.647229815364651,0.454786585017367,11.6042585307588,9.09433947383333,-6.06403181207143,-7.79183719989216,-9.15591943525,-8.54924189780645,-11.1786089276,-12.8511189025,-3.94929852986076,-7.3267007055,-16.01057528,-9.684834421,0,-7.17061689
"OC20_003",93.948623853211,0,67.2329749103943,82.3636363636364,62.7954545454545,41.4046242774566,49.8869565217391,29.7285714285714,32.8,38.7619047619048,41.1666666666667,37.5132450331126,44.4278350515464,21.4,30.7777777777778,47.4538745387454,48.8888888888889,72.2447916666667,42.5888888888889,53.9930715935335,41.625,45.1136363636364,35.9473684210526,29.2,38,41.6,0,43.4444444444444,28.625,45.2666666666667,0.637592113392539,0,0.644935252005715,0.637969835157182,0.63502486190824,0.647988698299651,0.654661650544901,0.709013456841816,0.741978135987808,0.670295663334136,0.645234343274079,0.67011510554694,0.644534846672188,0.549136922392883,0.636015887833454,0.62482135354962,0.598955330348206,0.651894600851283,0.652446950154603,0.641268718733217,0.561148400900911,0.60313308839579,0.587510258713865,0.609130455489636,0.547262659371589,0.642061429464282,0,0.626870479690229,0.598548273965492,0.652722224897096,11.3222408458925,9.40255543489773,-8.78549609978261,-9.9132356696,-7.4576791425,-6.92463677222165,-6.25448128266667,-10.5570502221778,-0.71095010873672,-4.70962630090909,-1.279049478,-6.736881784,-1.58114657966667,-0.6916609652
"OC21_001",91.4864864864865,44.5714285714286,82.0042735042735,71.2727272727273,102.85,59.3062015503876,65.0476190476191,48.0615384615385,59.0833333333333,62.96632996633,59.5384615384615,59.4955849889625,61.9828571428571,59.2777777777778,57.4444444444444,57.2112676056338,60,77.5426356589147,59.1945137157107,63.2178988326848,59.5605381165919,50.375,58.6463414634146,60.1052631578947,53.4926108374384,53.4285714285714,65.1973684210526,61.1578947368421,55.3461538461538,55.6470588235294,0.648322977305958,0.599854634982875,0.63555897676087,0.647643493796378,0.672198356974691,0.607066820543138,0.644478103009346,0.618707985583246,0.61741678700347,0.618912228311063,0.593279694394548,0.625511675628302,0.623521226349588,0.613036604776563,0.605034237162299,0.597753563001356,0.567841604000276,0.630685164674565,0.614796264853852,0.611240610982661,0.618979523165137,0.632484315226108,0.632341597473281,0.642064456715054,0.624647192731552,0.652691591789664,0.625352206604934,0.631152702271764,0.609675192475323,0.657658175507796,9.09661031571368,10.89421970015,-9.93897197740476,-7.87770694947222,-8.57570524520513,-8.78559145961143,-9.89196269422222,-8.29284213185714,-1.14747545038521,-8.569856991425,-9.641907928,-15.3513150793571,-11.0469718977368,-9.65371212517647
"OC21_002",110.557177615572,0,80.870036101083,128.933333333333,95.7777777777778,65.972972972973,64.6166666666667,54.1711711711712,51.34,68.8571428571429,62.8125,53.8275862068966,57.695652173913,54,63.5,67,0,96.2294372294372,57.0555555555556,78.8227848101266,27.4,64.25,58.75,94,47.5,52.2857142857143,38,70.3333333333333,62.3333333333333,69,0.600607834339889,0,0.629205368219565,0.641688988401253,0.55430788599639,0.659710872707108,0.647064603891066,0.6898564926476,0.681107522213538,0.642002267624067,0.667525485515922,0.632053783862617,0.671534368806207,0.561387431784056,0.688499301477188,0.59346490562542,0,0.621018191835666,0.652505989062244,0.616637131620959,0.548926116991377,0.658951433760445,0.727580591262696,0.687119601051629,0.793402503465344,0.582813197414858,0.672479955826227,0.563676469651273,0.653223267381748,0.542987164940752,10.6039930383646,12.8703733594074,-6.3917765862,-6.67555847698,-8.48230510621875,-8.33896476773913,-3.277733434,0,10.8143190297468,-8.2226779415,-8.314430997,-7.35204894171429,-8.54956573133333,-11.2468214814
"OC21_003",108.252895752896,73.5666666666667,85.9954545454545,71.8,71.2222222222222,77.2424242424242,89.0659340659341,73.3587786259542,68.496,74.6551724137931,66.92,70.6904761904762,75.6444444444444,89.5,75.6666666666667,70.3333333333333,0,81.005376344086,64.0555555555556,76.5966386554622,75.2083333333333,57.8333333333333,58.2857142857143,56,37,0,0,0,65.7692307692308,72.6666666666667,0.594847508396008,0.6060876155501,0.636405152812908,0.662657850360527,0.635848255157757,0.648692242914999,0.644898661884303,0.64188473260474,0.645466701907509,0.624595999452471,0.638095037414602,0.619755800263315,0.618591294640882,0.582444716187626,0.620020647799769,0.769493155546455,0,0.636911191586948,0.615948723504733,0.63130703411003,0.623649103751789,0.614694113408136,0.604414209879317,0.637266170999193,0.588928874122231,0,0,0,0.648594507929368,0.529632859929707,7.96010145538939,10.7279184494167,-9.59364547140659,-9.372143916088,-8.41432823248,-10.2950179399556,-9.047632971,0,4.39532420443697,-12.08574817175,-6.96611601285714,0,0,-8.2900785248
"OC22_001",76.7162162162162,30.6666666666667,75.2816901408451,71.695652173913,70,49.538961038961,41.6341463414634,35.515625,37.8,44.1194029850746,24.6666666666667,43.3260706235913,40.9285714285714,40.6754385964912,0,42.2325,0,19,42.532130777903,39,44.465034965035,35.15,47.59375,0,33.825,49.6666666666667,42.7619047619048,0,36.9558823529412,33,0.663541578221197,0.597527249708127,0.644112043066262,0.664807554967905,0.70160822995155,0.601185104902252,0.629828285862175,0.621306510269661,0.636141695120887,0.608345311637668,0.54072449809853,0.594019385011349,0.534891969514637,0.611769994135518,0,0.598421867529925,0,0.736571266494822,0.590043092534278,0.610347580025194,0.592115900080647,0.566260273850696,0.592937821972923,0,0.516898268824052,0.7136907762161,0.528444303932725,0,0.571584087249845,0.498122627670819,10.0571991279155,14.6310069896667,-8.92927716312195,-8.2199833409125,-7.35329152633333,-12.2010630961429,0,0,-6.94778816766667,-8.20891560775,0,-5.25972478666667,0,-6.0832209815
"OC22_002",80.2559633027523,36,74.4995178399229,82.4121212121212,83.2620087336245,45.5154639175258,55.2294117647059,31.8217054263566,56.1597222222222,36.3461538461538,53.6666666666667,41.6969696969697,51.4566929133858,37.3,65.4444444444444,41.1919642857143,50.4375,68.8,41.7027914614122,46.5844155844156,44.9667774086379,51.9114583333333,38.1818181818182,53.4,34.1818181818182,62.125,39.6,37.4761904761905,39.4444444444444,49.375,0.643298031456906,0.626475853488589,0.645723669233765,0.653851304450637,0.64601150426882,0.618534583179472,0.626440331785164,0.64559692822307,0.659050874809508,0.585289196374447,0.539376474903279,0.614605990367541,0.629793482307732,0.590320429880526,0.6272508345004,0.610261316315891,0.706251545948077,0.658385925782359,0.608798286861551,0.626170327622968,0.61326159199258,0.643741940413097,0.610639034092733,0.568379186578496,0.66884844268371,0.58218930602159,0.621614625876731,0.589915965093053,0.600103910742662,0.615158723907753,10.1457556379672,11.8003890684891,-6.05455673001176,-7.42504585490278,-5.770254022,-8.15181123711811,-5.32160148544444,-9.012761028,-7.07382819420779,-7.36994084596354,-11.3411285598,-4.677331660125,-2.41167337528571,-3.52283275455
"OC22_003",97.4110091743119,30.2,79.1126315789474,78.7432432432432,74.1785714285714,46.9647979139505,54.2880794701987,38.1439393939394,51.1871921182266,38.625,53.125,45.2516556291391,51.7582417582418,39.8333333333333,58.2,39.375,56,68.3090909090909,40.9133333333333,53.4324324324324,41.625,55.4938271604938,42.8636363636364,47.4166666666667,34.3333333333333,45.5555555555556,47.6666666666667,47.1,38.1212121212121,45.4878048780488,0.669958901880287,0.683292964931211,0.660546202486586,0.654748255316797,0.662405686928775,0.603476708522212,0.628643688963926,0.672167090354423,0.655199808123146,0.552864412842943,0.520386543898504,0.609507441322184,0.621038473301683,0.558577205861526,0.498856619421245,0.634757224785787,0.643866083929822,0.69499581683812,0.606948989290265,0.617485534506014,0.596823396254239,0.611918658706593,0.609627935384359,0.565600114033187,0.579903150177254,0.605883027123444,0.574866841430148,0.570194164497986,0.569003388393928,0.567239717171948,9.42674161136105,10.6757294933929,-7.34086703236424,-8.47827364728571,-7.333272463875,-8.10388150648352,-9.5284707325,-4.61436267033333,-4.02750732408108,-8.8017240454321,-8.12969129558333,-6.14163197977778,-7.3654732277,-5.56657195360976
"OC24_001",89.2857142857143,35.1333333333333,70.9372384937239,91.5333333333333,80.6869565217391,59.8197452229299,59.9704433497537,36.6986301369863,60.6666666666667,50.9047619047619,50.0625,43.4887218045113,40,44,30,53.2352941176471,0,53.875,52.8273092369478,56.9090909090909,55.9703264094955,49.6,55.1764705882353,61.5555555555556,53.4385560675883,45.6423841059603,51.2222222222222,57,56.2356389214537,45.9787234042553,0.606312799400312,0.598650715812368,0.624441750007023,0.630441963032549,0.606194269196364,0.611255220624447,0.646132631356007,0.622369135049031,0.673868948902782,0.599839156379088,0.651908410147668,0.595827707484202,0.589155437386978,0.526241846639761,0.657243801437189,0.598320271896479,0,0.708251794331521,0.60532882879064,0.630103165121784,0.606543463737731,0.621369696818199,0.616471135874517,0.614472745616567,0.6002280310236,0.612542893392492,0.605812952474592,0.788597862483779,0.603380536310756,0.591745837798026,8.57519350821757,7.43641784566087,-10.5169672384384,-6.17281608616667,-6.89790572725,-10.0220670513333,-3.71732715,0,1.05511441998182,-11.2988187614667,-10.6351384436667,-6.93800408892715,-5.712930259,-9.62097692623404
"OC24_002",106.877094972067,44.4719101123596,80.5246636771301,85.1428571428571,84.4736842105263,55.9073514602215,59.716577540107,34.9907120743034,38.5,48.3670886075949,53.0666666666667,44.2674157303371,52.8125,37.0952380952381,81,48.7647058823529,53.2352941176471,79.6862745098039,50.4885993485342,57.0491803278689,48.758389261745,61.9473684210526,45.2045454545455,62.5,47.8608981380066,53.0684931506849,46.25,0,48.9861111111111,53.6296296296296,0.578960940745923,0.618203175761001,0.631787857908916,0.627651009382873,0.651061498800026,0.629502366843317,0.628657237858272,0.639686877844161,0.614177567486215,0.607535764528588,0.598896442512143,0.613210808168634,0.592775646322806,0.608115763787199,0.47184044419357,0.618667996908684,0.619346833564697,0.616992539573816,0.610840431903723,0.595861697554641,0.613626241768629,0.645011709417216,0.617219578252871,0.677762213141571,0.594478984623168,0.62223086180713,0.619824833748442,0,0.594370620779118,0.619855115497657,8.65453158252018,11.3444131658421,-7.96113844388235,-13.5577129936667,-9.53744769523333,-9.86214427285417,-3.806301092,-8.35234737588235,-0.925702699008197,-8.44482467336842,-9.334851267,-9.27192518278082,0,-8.3441428487037
"OC24_003",104.184615384615,34.4444444444444,93.2765957446808,121.21875,103.75,59.2086230876217,68.5693430656934,39.6964285714286,53.6666666666667,54.0212765957447,62.0625,47.7698113207547,60.3333333333333,61.5714285714286,58.25,53.8502824858757,53.2,71.58,52.9338521400778,70.8333333333333,55.9495798319328,63.08,46.78125,75.0714285714286,53.3753884400249,56.3363636363636,60.5,66.5,56.3648648648649,71.0307692307692,0.62462100632179,0.612997630332854,0.596744719439709,0.632528146137392,0.625095272962788,0.606650733080049,0.602895028402013,0.610667800182158,0.459619851938125,0.609290883003581,0.628602291897212,0.61953906516971,0.555588541200281,0.593761011557222,0.547779534138676,0.603647640662972,0.602897128498057,0.601199161411455,0.606779117111944,0.596299165547361,0.597290383563741,0.60035989359585,0.592070062215989,0.624255290225722,0.604937250915231,0.614615396684751,0.61265179274054,0.641647689959625,0.602320134086232,0.632509310641892,10.0988566195213,9.47536383391447,-8.87409509728467,-10.9226052883333,-10.7337710599062,-9.6009811025,-12.3480980145,-12.4195694411,-0.874388385029412,-7.42524969272,-11.6961202755,-9.40613490614546,-14.7300669575,-4.70700916307692
"OC25_001",116.215434083601,63.5,113.05325443787,138,72.2,70.9952038369305,73.0444444444445,56.8702290076336,68.6981132075472,63.255230125523,56.8571428571429,61.4404761904762,56.9,54.1666666666667,0,65.6666666666667,0,97,65.4646840148699,53.45,61.6666666666667,65,68.3586956521739,71.25,57.875,48,69.6470588235294,83,67.5694444444444,28,0.597235740100675,0.651045912204296,0.64394210655107,0.515620367287286,0.708279307900267,0.609572649624468,0.619252155555007,0.639892863199012,0.661927466914568,0.602581934698831,0.627877523932937,0.622211865942292,0.615553913993224,0.627441691010159,0,0.571302935896629,0,0.539012441092014,0.631837424240464,0.593347764510533,0.603366918186656,0.50637942207253,0.623617611109548,0.598323026347062,0.588078258386895,0.475195640620444,0.651202065901003,0.618889089796331,0.589752527531019,0.580156318795113,10.2731039202663,6.6767841434,-11.1282169643222,-10.0622524172075,-12.9242648265714,-12.9743616419,0,0,-7.30137228245,-7.97513013314286,-11.626867792,-16.422826645,-11.7379847412,-8.144318104
"OC25_002",93.9758241758242,63,102.546511627907,89.7916666666667,91.6875,75.6004464285714,77.2474226804124,61.1374045801527,69,64.9428571428571,61,66.5205479452055,0,35.5,0,65.2592592592593,65.8,62,64.2017937219731,65.3636363636364,67.4358974358974,71.3333333333333,62.7142857142857,0,54.8181818181818,69.3333333333333,55.6666666666667,86,56.0625,67,0.639119040652322,0.450796118951481,0.629783397769679,0.582310070556036,0.630197393170815,0.640571937301132,0.606114902890766,0.634412244906633,0.547997434106846,0.58405687593348,0.543332951694649,0.629209069044209,0,0.651207304371264,0,0.588516765635495,0.639742622134407,0.410606054014793,0.595408041025428,0.624132069208359,0.668883595112594,0.614304075876032,0.665035791881501,0,0.633202841734393,0.503788442144065,0.637421526672543,0.597367723132837,0.586018132255858,0.156147803504549,11.0785275104186,12.2127502096875,-9.21061067079381,-17.1932053133333,-2.863827235,0,0,-6.6171004442,-7.76905774763636,-17.8429407233333,0,-10.4216020036667,-2.8297145135,-6.335785439
"OC25_003",119.137777777778,111,106.797250859107,109.552631578947,110.033333333333,69.7817258883249,79.3960396039604,66.3350877192982,72.9151515151515,60.7604166666667,66.3636363636364,60.6857142857143,50,94.25,0,58.25,0,0,64.7941176470588,49.25,66.8536585365854,65.4444444444444,65.6470588235294,40.8,64.2857142857143,68,41.8,0,53.12,60,0.615562362881854,0.609863470621797,0.644263973908129,0.638834168817228,0.629130767461267,0.606692259322426,0.664962167989847,0.623712852200869,0.656103340278606,0.600068222115981,0.630544655626457,0.632358214965815,0.680600716133449,0.680583890063529,0,0.607829879451943,0,0,0.623779845726778,0.645291142798051,0.605813347681239,0.639986295762603,0.588236115066036,0.587205526227634,0.641399314023295,0.736409863967845,0.356188021017028,0,0.57125949443036,0.490317108154058,10.4778484799725,13.8229324310667,-9.28559148555446,-10.3965791549939,-11.5717259310909,-11.582364089875,0,0,-9.8299234065,-11.4154196795556,-9.1551553162,-9.867105989,0,-14.253282175
"OC26_001",96.3303437967115,62.2,76.8755020080321,94.0916334661355,90.1587301587302,67.052067381317,66.2883720930233,49.6285714285714,54,61.0991501416431,68.2079207920792,51.9060606060606,60.4842105263158,65.6666666666667,0,59.453125,0,77.5,56.7827298050139,66.9864864864865,68.8333333333333,80.8461538461538,61.9166666666667,66.21875,59.9130434782609,51.8333333333333,72,71,62.6842105263158,66.0178571428571,0.619464854537749,0.55385475657889,0.609814928631404,0.624477572118424,0.641561258691671,0.616046433665567,0.602563849058698,0.680619064677115,0.655831273236863,0.590679102565869,0.612132899886449,0.594255879386056,0.583133158554752,0.619848384357586,0,0.617211221187353,0,0.647055229444114,0.588232189626989,0.588843112267373,0.620800105852061,0.587785484638416,0.607048181210988,0.634879034267939,0.55098594246778,0.59146495123015,0.69670561858166,0.464122227637184,0.603467575836584,0.622742959509156,9.77596307001205,12.1114079989206,-9.63031506661861,-9.51250882166667,-7.84659585142574,-6.29070794963158,0,0,-4.88784390981081,-6.00446179379487,-8.39489437528125,-14.078457554,-12.8392765,-8.14600061083929
"OC26_002",129.222222222222,49.4054054054054,81.3939393939394,124.212121212121,109.46511627907,65.75,85.2543859649123,41.7179487179487,0,56.8346839546191,70.31,49.2727272727273,63.0095238095238,50,38,57.5174825174825,58.1964285714286,77.9047619047619,56.5800865800866,66.875486381323,65.76875,82.054054054054,58.3852459016393,61.875,41.4117647058824,76,60,0,62.1929824561403,61.8727272727273,0.597794061563948,0.575091850071787,0.626712121380127,0.647011566206282,0.67389283536194,0.626819385738023,0.616769426987549,0.663184649038221,0,0.607583695642238,0.563334452526611,0.592581950016681,0.587846123144871,0.607259581360638,0.804202316925568,0.596246366541084,0.585588901737369,0.590329192025738,0.599927483990335,0.604752532712996,0.625053107976491,0.60392665050141,0.613015737636282,0.598646066511393,0.506105677855842,0.747875042469055,0.674968423400522,0,0.637993414795948,0.594927442936429,8.1149355410101,11.3401271244419,-8.55250088912281,0,-9.11896365179,-8.91537648179048,3.849572276,-9.597362571625,-5.22433472290661,-12.9367641667838,-8.3124424955,-9.917182543,0,-9.83895086418182
"OC26_003",88.4366197183099,72,80.0414201183432,101.423529411765,100.5,62.1545454545455,74.6951871657754,51.96875,55.6923076923077,58.6577181208054,71.375,56.2291105121294,68.4277456647399,51.5,37.6666666666667,56.412017167382,64.1290322580645,79.3553719008264,57.5913242009132,71.3276595744681,62.0444444444444,67.1129032258064,61.640350877193,62.5333333333333,54.2666666666667,66.8333333333333,60.5,0,60.5806451612903,67.1307692307692,0.613037148898888,0.604963539378662,0.620772931722148,0.622652882981013,0.64245383667601,0.61436647661198,0.611923005061419,0.634149649964322,0.543425590749756,0.602939641884533,0.621745698570495,0.5936861201636,0.62538649420836,0.608017092934148,0.682565685738774,0.578388460780959,0.590661107424737,0.615356502054009,0.588924707701986,0.611680081506159,0.609003748629486,0.612414715411429,0.599733743392542,0.602103958709623,0.57781770634285,0.487799409223752,0.665020514043033,0,0.627689918536966,0.614447747686428,9.18186018825148,12.0149338185687,-10.618164547615,-10.2934739850769,-9.73776138465909,-8.93840937121965,-6.138081748,-12.2589508821613,-4.08837973651915,-9.78813159232258,-8.99239002,-10.6405851845,0,-7.89388018669231
"OC27_001",133.514545454545,0,96.2715572715573,99.1489361702128,110.615384615385,62.6589147286822,57.9078947368421,48.15625,40.4307692307692,58.4285714285714,53.7814207650273,50.3571428571429,49.3875,32,36,39.6,0,55,57.6666666666667,57.1666666666667,46,43.25,59.9333333333333,42.0666666666667,74,0,0,0,60.8666666666667,44.6666666666667,0.617782455579046,0,0.640320258769427,0.675823490279132,0.646110524594177,0.62802839623673,0.625040010886325,0.684110073234524,0.640485092852472,0.628918545373414,0.641102198801714,0.65565709824451,0.650871495011315,0.627877989127481,0.54390564390978,0.699167927137291,0,0.308357300815883,0.576752653966576,0.628184042695961,0.643721177832428,0.696582377067331,0.657326576945098,0.588321162468998,0.778259567579139,0,0,0,0.688324418737899,0.625464804779335,9.55744368754826,9.36337005249573,-9.47919716166447,-7.43537333382308,-9.52025367177049,-7.40734653755,4.682269686,0,-3.57288332175,-3.49630450075,-8.2570844438,0,0,-10.35583233075
"OC27_002",135.966696669667,37.3333333333333,101.114537444934,100.814814814815,116.81308411215,62.7692307692308,66.7364341085271,51,52.0689655172414,63.3333333333333,56,57.5833333333333,62.5185185185185,0,10,0,60,80.2857142857143,42,76.0769230769231,54.6666666666667,57.3333333333333,65.5,53.8,0,51.6666666666667,0,28.5,65.25,57.1538461538462,0.612844793345941,0.720276609100464,0.619404608738595,0.629052508305686,0.614646110844099,0.592313759845747,0.614659411271897,0.581952471675999,0.654792165380353,0.575623295894508,0.602982287680521,0.645238915088396,0.583729655802264,0,0.683130051063973,0,0.524737126234395,0.662436296637823,0.452723645454708,0.646949919797083,0.707194268975035,0.687733178784914,0.56338575932934,0.629609213541508,0,0.619645429608837,0,0.698650614985202,0.597102377842565,0.610205339883045,9.839603483837,9.81888178221495,-10.2708024758682,-6.9172459637931,-8.48786930582609,-6.78265900968518,-8.5,-8.915580646,6.72197274715385,-6.13972469066667,-9.1837358851,-6.02916197433333,-10.4164039315,-8.86081022784615
"OC27_003",129.5,44.5,101.204301075269,138.538461538462,127.145161290323,76.656862745098,65.43961352657,71.4285714285714,59.1176470588235,75.5,64.025,76.0909090909091,59.1034482758621,0,65,0,0,66.25,48,62.7142857142857,80,54.2,84.7142857142857,65.7407407407407,23.5,45.875,0,0,78.25,65.1538461538462,0.603071137387229,0.574825978465385,0.629306899401413,0.591331615800777,0.607456712636968,0.614285617235529,0.592933436481693,0.598143456570506,0.664496630673084,0.649807754747958,0.591086375238557,0.597909327434958,0.584518003834867,0,0.4624836520521,0,0,0.556703380867819,0.652685071102901,0.511308215389282,0.480851510067477,0.673712842892708,0.725256790405136,0.590368145749902,0.646160955213071,0.535129700478752,0,0,0.609473177973404,0.599599161652569,8.34176991865806,9.77755047118548,-11.4353117145942,-9.46494634182353,-9.709488446125,-9.61750494982759,-7.165429732,0,1.51964568671429,-11.0802385716,-11.5419719754815,-11.440932902875,0,-10.154656466
"OC28_001",96.1206896551724,19.4545454545455,60.016,106.2,68.4444444444444,37.9817629179331,41.8953488372093,24.4814159292035,29.5909090909091,33.7684210526316,37.3636363636364,33.8939873417722,37.6641221374046,29.9347826086957,29,45.274011299435,51,75.5,41.345971563981,46.2777777777778,36.9404761904762,36.0588235294118,22.0625,36.75,26.5,35,68,42,34.5555555555556,39.5,0.641113208147853,0.667414295477172,0.63729246246076,0.687130108915768,0.67950133413496,0.646381958411102,0.606079605252427,0.66886914520499,0.642661268631436,0.641497158773257,0.583403973552796,0.627534098288416,0.635606545211721,0.607459055953323,0.549676573932089,0.597732437769019,0.57932869086068,0.658055261143592,0.615453954878098,0.578997108987134,0.593669150949775,0.609838965487714,0.689840019616782,0.789926434197705,0.716270537807418,0.524287959710202,0.674751282156112,0.506923855640724,0.594987284246489,0.589755725388834,9.286851501556,9.76699992233333,-6.80302776359302,-6.53910293840909,-10.1312260663636,-8.05356464870229,-4.50559500345455,-11.4609954968833,-6.47205992721667,-9.4790383832353,-14.6035172975,-5.933237798,3.738095238,-8.48495846275
"OC28_002",103.679190751445,26.6153846153846,58.9288793103448,82.5,67,44.9172077922078,41.3850931677019,35.4290657439446,27.5157894736842,41,25.9,38.2952898550725,32.2950819672131,33.5087719298246,32.6296296296296,45.2992125984252,52,58.4117647058824,38.5896551724138,39.7183098591549,40.9559748427673,39.1898734177215,42.2727272727273,37.5555555555556,34.6,19.5,26.25,19.3333333333333,40.9666666666667,17.75,0.593868734979294,0.630024702296713,0.638438116913163,0.438570630095845,0.6101592268328,0.619230371167835,0.633913668237436,0.635249666862106,0.613425242981628,0.565017310906775,0.632328307401121,0.604592097650446,0.622409597551642,0.644896925434052,0.606769649576099,0.616579741249058,0.68106943720529,0.55100807093598,0.619717251216572,0.610213619624393,0.59601918893869,0.634214655258607,0.629910723075025,0.60463467878992,0.677219176183411,0.666324577680598,0.652847326459247,0.740281173589895,0.633203154735167,0.657475724142101,7.14395494269828,7.73411842841739,-9.00464498474534,-7.28642702012632,-12.2903630378,-9.90696065618853,-10.0588101483333,-5.164888588,-3.58719660488028,-8.78533216237975,-9.33087654266667,-19.508106295,-8.79267456,-8.6372704295
"OC28_003",88.7016949152542,35.6779661016949,61.6352087114338,115.230769230769,65.2191780821918,40.5981012658228,48.1666666666667,24.964586846543,33.7990867579909,40.8813559322034,39.8095238095238,34.7942386831276,44.2204724409449,30.0322580645161,41.8181818181818,31.6774193548387,0,68.7777777777778,32.7899159663866,57.7435897435897,34.6027397260274,41.2222222222222,35.7058823529412,40.6666666666667,32.6666666666667,0,11.5,32.75,23.6666666666667,47.5,0.71066094792338,0.655996713341487,0.684324815126928,0.656009901650298,0.623010927034152,0.64101037462848,0.612078974646887,0.646521708221916,0.648025760948061,0.663900521272999,0.645604137690695,0.633213722756235,0.669640711317304,0.595808121696559,0.709751762975647,0.624892589671742,0,0.753064340961467,0.645808068886233,0.698724764304832,0.625633499376309,0.635173786833546,0.604192996945919,0.613226128433175,0.576900183314425,0,0.598878308455039,0.702218247351179,0.526896108580514,0.749258097931068,7.36380899866062,6.14205391868493,-7.31117136933838,-5.71867666942009,-11.387559737619,-9.83573764310236,-8.70521569481818,0,-1.78789258702564,-7.28766487741667,-11.6355600395,0,-4.97394309575,-7.1309133315
