"","Tumor non-proliferating_intratumor_cellfrequency","Tumor non-proliferating_stromal_cellfrequency","Tumor non-proliferating_tumorfront_cellfrequency","Tumor proliferating_intratumor_cellfrequency","Tumor proliferating_stromal_cellfrequency","Tumor proliferating_tumorfront_cellfrequency","Vessel_intratumor_cellfrequency","Vessel_stromal_cellfrequency","Vessel_tumorfront_cellfrequency","Fibroblasts_intratumor_cellfrequency","Fibroblasts_stromal_cellfrequency","Fibroblasts_tumorfront_cellfrequency","CD4 T cells naive_intratumor_cellfrequency","CD4 T cells naive_stromal_cellfrequency","CD4 T cells naive_tumorfront_cellfrequency","CD4 T cells memory_intratumor_cellfrequency","CD4 T cells memory_stromal_cellfrequency","CD4 T cells memory_tumorfront_cellfrequency","CD4 T cells regulatory_intratumor_cellfrequency","CD4 T cells regulatory_stromal_cellfrequency","CD4 T cells regulatory_tumorfront_cellfrequency","B cells_intratumor_cellfrequency","B cells_stromal_cellfrequency","B cells_tumorfront_cellfrequency","CD8 T cells_intratumor_cellfrequency","CD8 T cells_stromal_cellfrequency","CD8 T cells_tumorfront_cellfrequency","Myeloid M1 macrophages_intratumor_cellfrequency","Myeloid M1 macrophages_stromal_cellfrequency","Myeloid M1 macrophages_tumorfront_cellfrequency","Myeloid M2 macrophages_intratumor_cellfrequency","Myeloid M2 macrophages_stromal_cellfrequency","Myeloid M2 macrophages_tumorfront_cellfrequency","Myeloid Granulocytes_intratumor_cellfrequency","Myeloid Granulocytes_stromal_cellfrequency","Myeloid Granulocytes_tumorfront_cellfrequency","Myeloid DCs_intratumor_cellfrequency","Myeloid DCs_stromal_cellfrequency","Myeloid DCs_tumorfront_cellfrequency","Myeloid Monocytes_intratumor_cellfrequency","Myeloid Monocytes_stromal_cellfrequency","Myeloid Monocytes_tumorfront_cellfrequency"
"S01_1",2067.73315180395,21.079067582502,2718.41577871699,178.692988427502,0,674.643331944362,17.0183798502383,1782.68685840588,1646.92342798182,0,945.54674584366,535.746175367581,0,87.3275656989367,0,0,201.756789718233,0,0,27.1016583203597,0,0,165.621245291087,0,0,171.643836028945,19.8424509395401,0,301.129536892885,218.266960334941,0,355.332853533605,238.109411274481,76.5827093260722,2162.11007489092,198.424509395401,8.50918992511913,213.801971193949,119.05470563724,0,298.118241523956,138.89715657678
"S01_2",3083.57838098728,18.4732760969662,2645.87267174861,151.944441961692,4.61831902424156,372.986455929319,0,3149.69357453274,1748.37401216868,0,1080.68665167252,664.3821246241,0,120.07629463028,5.82791337389561,0,295.57241755146,29.1395668694781,0,120.07629463028,11.6558267477912,0,120.07629463028,23.3116534955824,17.8758167013755,46.1831902424156,40.7953936172693,17.8758167013755,914.427166799828,407.953936172693,0,300.190736575701,110.730354104017,241.32352546857,2480.03731601772,489.544723407231,0,50.8015092666571,11.6558267477912,0,189.351079993904,93.2466139823298
"S01_3",1828.0817793911,45.1182097094387,2409.0440738967,21.8148183698223,7.51970161823979,326.52705820889,4.36296367396445,2902.60482464056,1102.93584106114,0,1037.71882331709,609.517175323262,0,112.795524273597,7.25615684908645,0,323.347169584311,43.5369410945187,0,90.2364194188775,29.0246273963458,0,338.38657282079,43.5369410945187,4.36296367396445,120.315225891837,36.2807842454323,8.7259273479289,1105.39613788125,551.46792053057,4.36296367396445,526.379113276785,181.403921227161,0,1158.03404920893,333.783215057977,4.36296367396445,263.189556638393,246.709332868939,0,127.834927510076,36.2807842454323
"S02_1",2920.35328381887,26.6169816342827,2214.18073394143,386.749488938175,0,767.480323723201,7.89284671302399,1330.84908171413,794.342135053512,0,727.53083133706,318.504334345128,0,8.87232721142756,0,0,35.4893088457102,3.837401618616,0,8.87232721142756,0,0,0,0,7.89284671302399,8.87232721142756,0,0,79.850944902848,26.861811330312,0,88.7232721142756,0,0,177.446544228551,19.18700809308,0,53.2339632685653,15.349606474464,0,53.2339632685653,15.349606474464
"S02_2",1239.69955516663,4.49405885419475,1627.13076647991,54.6926274338219,0,560.257480033377,9.11543790563699,1253.84242032034,846.346406007867,0,1550.45030469719,1305.28072475861,0,193.244530730374,77.4824174514245,0,548.27518021176,137.084277029443,0,58.4227651045318,29.8009297890094,0,701.073181254382,95.3629753248301,82.0389411507329,543.781121357565,351.650971510311,9.11543790563699,229.197001563933,190.72595064966,0,332.560355210412,214.566694480868,9.11543790563699,997.681065631236,309.929669805698,9.11543790563699,85.3871182297003,113.243533198236,0,152.798001042622,95.3629753248301
"S02_3",1707.70495127704,10.8911106754667,1535.35390133879,74.7120916183706,0,978.278592003478,0,1753.46881875014,742.767079113752,5.33657797274076,1415.84438781067,751.825214224895,0,87.1288854037335,18.1162702222866,0,402.971094992267,72.4650808891465,0,43.5644427018667,13.587202666715,0,76.2377747282668,27.17440533343,64.0389356728891,490.099980396001,240.040580445298,10.6731559454815,119.802217430134,63.4069457780032,0,108.911106754667,31.7034728890016,0,108.911106754667,18.1162702222866,0,76.2377747282668,22.6453377778583,0,10.8911106754667,36.2325404445733
"S03_1",3530.40362525029,0,3068.19207283447,598.779447973251,0,832.22203282765,0,1655.27468682934,1313.50706386051,0,2563.84817423724,1062.83777686423,0,26.1084335462041,60.1606288791072,0,234.975901915837,160.428343677619,0,20.8867468369633,10.0267714798512,0,15.6650601277225,0,134.126596346008,355.074696228376,360.963773274643,28.7414135027161,73.1036139293715,40.1070859194048,0,99.2120474755756,10.0267714798512,4.79023558378601,36.5518069646857,10.0267714798512,0,10.4433734184816,10.0267714798512,23.9511779189301,52.2168670924082,130.348029238066
"S03_2",2763.52151598895,0,820.613819136714,0,0,117.230545590959,0,1198.28677970872,1172.30545590959,0,2242.66516569338,1195.75156502778,0,226.465207908253,93.7844364727673,0,325.406318159432,140.676654709151,0,17.5895307113206,23.4461091181918,0,985.013719833955,586.152727954796,0,3506.91268556955,2579.0720030011,0,61.5633574896222,46.8922182363837,0,17.5895307113206,23.4461091181918,0,96.7424189122634,0,394.788787998421,107.735875606839,257.90720030011,0,118.729332301414,70.3383273545755
"S03_3",2939.99732727516,29.5643065903063,2372.49357533573,467.726847521048,4.22347237004375,507.528336998816,66.8181210744354,2905.7489905901,1623.28507786129,0,2631.22328653726,1208.40080237813,0,143.598060581488,20.1400133729689,0,439.241126484551,48.3360320951253,0,97.1398645110064,24.1680160475627,0,244.961397462538,0,200.454363223306,840.471001638707,84.5880561664693,66.8181210744354,274.525704052844,145.008096285376,0,185.832784281925,36.252024071344,66.8181210744354,164.715422431706,60.4200401189066,0,80.2459750308313,76.5320508172817,0,156.268477691619,64.4480427935004
"S04_1",1458.21181568203,0,2480.32650116124,41.6631947337722,0,7.51614091260983,0,2288.54675585783,616.323554834006,0,1461.2794841107,413.387750193541,0,6.7808792766158,7.51614091260983,0,44.0757152980027,7.51614091260983,0,0,0,0,10.1713189149237,0,41.6631947337722,556.032100682496,150.322818252197,0,44.0757152980027,45.096845475659,0,67.808792766158,45.096845475659,0,67.808792766158,15.0322818252197,0,10.1713189149237,67.6452682134885,0,81.3705513193896,105.225972776538
"S04_2",2822.83547503687,9.13879081612448,1561.25512035346,2296.18706551506,0,193.144963342696,0,2790.37746252334,1738.30467008426,0,1456.11400336917,1110.5835392205,0,301.580096932108,56.3339476416195,0,359.45910543423,80.4770680594565,0,76.1565901343707,8.04770680594565,0,527.003603729845,48.2862408356739,21.0659363808721,310.718887748232,217.288083760532,21.0659363808721,201.053397954739,756.484439758891,0,237.608561219237,169.001842924859,126.395618285233,566.605030599718,1142.77436644428,0,36.5551632644979,136.811015701076,21.0659363808721,124.896807820368,273.622031402152
"S04_3",2657.64677458323,0,3159.6963180761,181.203189176129,0,321.820921285528,0,2886.55301998802,1111.74500080455,0,576.164008954907,746.039408434634,0,209.253595292081,14.6282236947967,0,567.564546134685,29.2564473895935,0,2.86648760674083,0,0,140.457892730301,0,0,1668.29578712316,307.192697590732,0,57.3297521348167,117.025789558374,0,194.921157258377,73.1411184739837,217.443827011355,220.719545719044,380.333816064715,12.080212611742,77.3951653820025,117.025789558374,12.080212611742,189.188182044895,131.654013253171
"S05_1",3306.31307245401,0,2533.61917754824,250.3474650161,0,575.822540351872,0,2038.49173728892,841.586789745044,0,2351.8222936534,1718.60881274251,0,154.822157262449,26.5764249393172,0,497.642648343587,194.893782888326,0,121.64598070621,70.8704665048458,0,239.605719572838,88.5880831310572,0,538.191308578991,186.03497457522,328.041505883165,276.46813796866,451.799223968392,129.490068111776,497.642648343587,265.764249393172,94.9593832819689,165.880882781196,106.305699757269,207.184108978841,18.4312091979106,177.176166262114,51.7960272447103,158.508399102031,265.764249393172
"S05_2",2621.23197903014,59.906328286679,1451.12588992355,0,38.1222089097048,503.775145191799,0,1089.20596884871,766.752107776197,0,1639.25498311731,1606.37734976253,0,32.6761790654613,12.6735885582842,0,147.042805794576,41.1891628144238,0,32.6761790654613,12.6735885582842,0,43.5682387539484,3.16839713957106,0,332.207820498856,44.3575599539949,0,337.6538503431,364.365671050672,0,174.272955015793,57.0311485122791,0,196.057074392768,3.16839713957106,0,5.44602984424355,3.16839713957106,0,288.639581744908,291.492536840538
"S05_3",1334.80986375052,44.9127345567562,2327.33774140349,0,2.99418230378375,169.541159969791,0,2003.10796123133,431.55931628674,0,1610.87007943566,508.623479909373,0,5.9883646075675,0,0,65.8720106832425,0,0,2.99418230378375,0,0,257.499678125402,0,9.88748047222607,482.063350909183,339.082319939582,49.4374023611303,263.48804273297,154.128327245264,0,161.685844404322,123.302661796212,0,805.435039717828,30.8256654490529,0,266.482225036754,107.889829071685,29.6624414166782,194.621849745944,246.605323592423
"S06_1",4257.28933757933,8.31753002628339,2649.70591718312,73.4015403030919,0,39.4742036079422,11.2925446620141,4466.51362411418,1855.28756957328,0,898.293242838607,305.925077961552,0,0,0,0,0,0,0,0,0,0,16.6350600525668,0,180.680714592226,332.701201051336,266.45087435361,50.8164509790636,91.4928302891173,88.81695811787,11.2925446620141,133.080480420534,49.3427545099278,5.64627233100707,33.2701201051336,19.7371018039711,16.9388169930212,124.762950394251,93.7512335688627,11.2925446620141,58.2227101839838,59.2113054119133
"S06_2",3889.91539434017,0,2090.87385425026,48.6239424292522,0,65.5104079660656,0,2088.64326076504,595.052872358429,8.10399040487536,1390.7055374896,638.72647766914,0,5.16990906129961,0,0,20.6796362451984,21.8368026553552,0,0,0,0,36.1893634290973,32.7552039830328,210.703750526759,434.272361149167,251.123230536585,153.975817692632,25.8495453064981,70.9696086299044,8.10399040487536,118.907908409891,60.0512073022268,453.82346267302,180.946817145486,21.8368026553552,48.6239424292522,10.3398181225992,125.561615268292,32.4159616195014,201.626453390685,76.4288092937432
"S06_3",5301.29390018484,6.42438181385996,2993.88310464721,650.646950092421,0,325.214139162956,0,1477.60781718779,765.209739206956,0,1734.58308974219,1611.72301320465,0,96.3657272078994,9.56512174008695,0,507.526163294937,95.6512174008695,0,32.1219090692998,4.78256087004347,0,334.067854320718,28.6953652202608,177.449168207024,520.374926922657,157.824508711435,125.693160813309,160.609545346499,200.867556541826,22.181146025878,379.038527017738,234.34548263213,0,109.214490835619,33.4779260903043,7.39371534195933,6.42438181385996,14.3476826101304,0,57.8194363247397,52.6081695704782
"S07_1",2502.71127054309,294.709104777755,1519.76743375417,917.660799199132,294.709104777755,1050.35914381787,0,953.4706331045,376.456153315254,0,2236.32203037237,1426.81529713312,0,17.3358296928091,2.32380341552626,0,104.014978156855,30.2094444018414,0,69.3433187712364,18.5904273242101,0,0,0,0,17.3358296928091,18.5904273242101,83.423709018103,34.6716593856182,25.5618375707889,0,104.014978156855,79.0093161278928,0,0,2.32380341552626,0,34.6716593856182,4.64760683105252,0,34.6716593856182,13.9428204931576
"S07_2",3146.50934119961,4.81234269654811,1449.87833629613,589.970501474926,7.21851404482216,806.888813243063,0,1085.1832780716,453.874957449223,0,2232.92701119832,2370.2358889015,0,871.034028075207,567.343696811528,0,358.519530892834,365.621493500763,0,105.871539324058,37.8229131207686,0,4487.50956453111,1197.72558215767,0,360.925702241108,655.597160759988,0,387.393587072123,453.874957449223,0,276.709705051516,189.114565603843,0,7.21851404482216,37.8229131207686,0,141.964109548169,138.684014776151,0,52.9357696620292,100.861101655383
"S07_3",6653.83812857905,2.41808144581926,5910.0563302244,46.3682099552547,0,277.033890479269,0,887.435890615668,877.273986517684,0,1235.63961881364,1131.22171945701,0,0,0,0,2.41808144581926,23.0861575399391,0,0,0,0,0,0,231.841049776273,43.5254660247466,277.033890479269,0,2.41808144581926,0,0,2.41808144581926,0,0,0,0,0,0,0,0,0,0
"S08_1",3910.93925723745,0,3609.26464478604,461.225469754982,0,1100.95554632322,12.6363142398625,2111.74128152528,1163.27378479435,18.9544713597938,341.900969389807,249.272953884504,0,1441.34722389821,160.988782717075,0,2286.04373650832,368.716244287495,0,227.933979593205,88.2841711674283,0,268.157623050829,25.9659326963024,56.8634140793813,1273.74870949144,280.432073120066,12.6363142398625,784.361047423676,212.92064810968,0,791.064987999946,415.454923140839,0,26.8157623050829,20.772746157042,0,13.4078811525415,31.1591192355629,6.31815711993126,140.782752101685,176.568342334857
"S08_2",4772.69413255863,5.25309407240865,4134.62270616005,482.31691586374,0,1789.38551739892,0,1917.37933642916,1066.01690398233,0,388.72896135824,121.830503312267,0,1875.35458384989,327.419477651717,0,1807.06436090858,502.550826163101,0,346.704208778971,114.21609685525,0,514.803219096048,30.4576258280667,56.0833623097372,777.45792271648,335.033884108734,44.8666898477898,409.741337647875,243.661006624534,16.8250086929212,478.031560589187,494.936419706084,0,15.7592822172259,0,0,5.25309407240865,22.84321937105,11.2166724619474,57.7840347964951,144.673722683317
"S08_3",3752.0372389696,14.6607788978613,3285.05300880991,457.27953849942,0,1167.41553205642,0,1486.60298024313,502.260170768458,0,202.318748790486,108.596793679667,0,1952.81574919512,570.13316681825,0,1820.86873911437,502.260170768458,0,348.926537769099,203.618988149375,0,193.522281451769,135.745992099583,0,146.607788978613,190.044388939417,0,445.687678494983,542.983968398333,11.72511637178,765.292658468359,1357.45992099583,0,14.6607788978613,27.1491984199167,0,0,13.5745992099583,0,38.1180251344393,54.2983968398333
"S09_1",3918.15411406182,265.867881387476,2164.0731957894,217.67522855899,0,186.793686373401,0,2428.25998333895,1041.03310576395,0,1276.16583065988,936.246403652044,0,301.316932239139,52.3933510559538,0,514.01123734912,72.8950971213271,0,106.34715255499,31.8916049905806,0,53.1735762774952,4.55594357008294,435.35045711798,496.286711923288,246.020952784479,217.67522855899,460.837661071625,325.74996526093,435.35045711798,478.562186497457,168.569912093069,0,230.418830535812,52.3933510559538,0,301.316932239139,355.363598466469,217.67522855899,177.245254258317,159.458024952903
"S09_2",3134.79623824451,8.35456785997744,1439.14362869016,972.867798075884,0,522.834951246988,0,2447.88838297339,1274.74707185477,0,367.600985839007,571.345410641039,0,1411.92196833619,231.772194882686,0,1562.30418981578,444.679211112129,0,534.692343038556,199.431888619985,0,960.775303897406,24.2552296970252,864.771376067452,2598.27060445298,954.039034749659,216.192844016863,751.91110739797,1277.44209737666,216.192844016863,893.938761017586,986.379341012359,0,1929.90517565479,498.579721549963,108.096422008432,91.9002464597519,220.992092795119,324.289266025295,258.991603659301,388.083675152404
"S09_3",5725.89582563724,312.587915351193,2410.42388025749,92.3531584780199,93.7763746053578,220.919067065342,92.3531584780199,3157.13794504704,1076.16020788265,92.3531584780199,1031.54012065894,758.999171006669,0,218.811540745835,52.4956198967149,0,531.399456097027,118.115144767608,0,31.2587915351193,52.4956198967149,0,125.035166140477,15.3112224698752,831.178426302179,687.693413772624,433.088864147898,369.41263391208,781.469788377981,1119.90655779658,369.41263391208,281.329123816073,177.172717151413,0,250.070332280954,39.3717149225361,0,31.2587915351193,34.9970799311432,461.7657923901,312.587915351193,354.345434302825
"S10_1",4984.16793714085,2263.87084802375,4135.9558422021,175.911809546148,74.2252737056968,473.68317174743,0,1818.51920578957,440.788507042748,0,334.013731675636,94.2980388200903,0,0,0,0,0,2.19297764697884,0,0,0,0,0,0,0,0,0,0,0,74.5612399972807,0,259.788457969939,87.7191058791538,0,74.2252737056968,30.7016870577038,0,0,15.3508435288519,0,0,61.4033741154076
"S10_2",6110.60189428659,2009.34213616555,3466.35951536411,305.530094714329,443.620991101485,1280.52425142777,0,3966.49356749563,1223.80597112603,0,365.334933848282,187.606619459606,0,26.0953524177344,6.54441695789322,0,52.1907048354688,21.8147231929774,0,78.2860572532032,13.0888339157864,0,0,0,0,0,0,0,78.2860572532032,98.1662543683983,0,104.381409670938,205.058398013988,0,156.572114506406,137.432756115758,0,78.2860572532032,17.4517785543819,0,104.381409670938,89.4403650912074
"S10_3",5815.94252480328,89.6883330426767,2996.13336842318,684.228532329798,9.96537033807519,593.828235182973,0,2561.10017688532,1288.87719227214,0,259.099628789955,114.716818160347,0,54.8095368594135,0,0,79.7229627046015,6.74804812707924,0,4.98268516903759,6.74804812707924,0,0,0,0,39.8614813523007,0,342.114266164899,204.290091930541,178.8232753676,0,592.939535115474,269.92192508317,0,284.013054635143,57.3584090801736,0,4.98268516903759,16.8701203176981,0,69.7575923665263,60.7324331437132
"S11_1",3095.65397852066,6.00782820014479,823.587547356284,4012.24426266365,3.00391410007239,1271.98521202804,0,925.205542822298,1134.72062080199,0,393.512747109484,201.321400464869,0,129.168306303113,36.6038909936126,0,144.187876803475,36.6038909936126,0,27.0352269006515,9.15097274840316,0,54.0704538013031,0,51.882468913754,63.0821961015203,0,121.059094132093,90.1174230021718,146.41556397445,190.235719350431,132.172220403185,677.171983381833,328.588969787109,102.133079402461,265.378209703691,17.2941563045847,9.01174230021718,27.4529182452095,34.5883126091694,9.01174230021718,9.15097274840316
"S11_2",3616.26222162695,11.874968457115,1369.89682578862,3543.20641916984,0,1332.87258725379,24.3519341523701,2155.30677496638,1789.50486251666,0,759.997981255362,382.583798193217,0,834.216534112331,160.438366984252,0,801.560370855265,160.438366984252,0,261.249306056531,49.36565137977,0,676.873202055557,24.682825689885,0,742.18552856969,74.0484770696549,0,537.342322684455,234.486844053907,12.175967076185,878.747665826513,320.876733968505,12.175967076185,433.436348684699,123.414128449425,0,17.8124526856726,61.7070642247124,0,65.3123265141327,74.0484770696549
"S11_3",6116.3069156338,3.04152903747772,3298.73272623066,960.055230143577,0,866.076545882952,0,3473.42616079956,1783.09877093549,0,1164.90562135397,280.20123543272,0,1180.11326654136,725.975928166592,0,714.759323807264,636.820989619818,0,170.325626098752,241.991976055531,0,243.322322998218,140.10061771636,204.955610929528,1228.777731141,624.084569827422,248.104160598902,291.986787597861,509.456791695854,183.381336094841,419.731007171925,675.030248997007,10.7871374173436,243.322322998218,229.255556263134,312.826985102963,15.2076451873886,203.782716678342,215.742748346871,82.1212840118985,216.519136470738
"S12_1",8196.72131147541,16.7004386648556,1287.28503762286,0,5.5668128882852,199.138016869835,0,1299.85080941459,1543.31963074122,0,520.497005054666,846.336571696798,0,629.049856376227,184.913872807704,0,798.837649468926,312.931169366883,0,116.903070653989,64.0086482795898,0,2029.10329777996,320.043241397949,0,1809.21418869269,547.629546392046,0,439.778218174531,334.26738546008,0,342.35899262954,348.491529522211,0,342.35899262954,85.3448643727864,0,64.0183482152798,42.6724321863932,0,136.386915762987,206.2500889009
"S12_2",3250.27085590466,89.2741202441241,2123.997001416,1444.56482484651,8.11582911310219,555.293333703529,240.760804141086,3067.78340475263,1815.80920121054,0,681.729645500584,233.223200155482,0,146.084924035839,2.77646666851764,0,275.938189845475,19.4352666796235,0,32.4633164524088,0,0,16.2316582262044,0,0,105.505778470329,11.1058666740706,0,202.895727827555,105.50573340367,60.1902010352715,730.424620179198,113.835133409223,60.1902010352715,1420.27009479288,91.6234000610823,0,40.579145565511,22.2117333481412,240.760804141086,154.200753148942,63.8587333759058
"S12_3",3303.79473245438,32.2223773670021,2128.58955178798,247.012690276963,0,177.678593638396,0,2099.82492508297,1695.05378331029,0,467.224471821531,390.89290600447,0,193.334264202013,7.10714374553582,0,247.03822648035,46.1964343459829,0,59.0743585061706,24.8750031093754,0,311.482981214354,3.55357187276791,0,392.038924631859,31.9821468549112,0,161.111886835011,78.1785812008941,0,284.631000075186,103.053584310269,0,751.855471896716,71.0714374553583,61.7531725692407,69.815150961838,78.1785812008941,30.8765862846204,193.334264202013,110.160728055805
"S13_1",4212.14845254912,0,3348.11595054187,349.300115577244,0,728.362066433669,20.5470656221908,2864.96890731418,1956.00458163235,0,2901.98400947587,1562.45411025287,0,481.196328101866,29.3694381626479,0,325.732899022801,29.3694381626479,0,81.4332247557003,5.87388763252959,0,96.2392656203731,17.6216628975888,20.5470656221908,111.045306485046,70.4866515903551,56.5044304610248,288.717796861119,170.342741343358,56.5044304610248,362.748001184483,46.9911010602367,5.13676640554771,37.015102161682,5.87388763252959,5.13676640554771,37.015102161682,17.6216628975888,35.957364838834,74.0302043233639,58.7388763252959
"S13_2",4846.70065340705,0,1662.75131952284,394.916349536871,0,1266.13173871922,35.9014863215337,592.731780261294,2028.86170180309,0,976.408783252007,518.656374897031,0,295.136156146702,61.0183970467096,0,381.217535022824,91.5275955700644,0,115.594994490792,0,0,157.405949944908,15.2545992616774,35.9014863215337,745.218794270423,411.87418006529,35.9014863215337,300.055092082481,472.892577111999,0,130.351802298127,167.800591878451,0,34.4325515504486,30.5091985233548,0,24.5946796788919,106.782194831742,0,12.2973398394459,106.782194831742
"S13_3",4905.15453108969,47.0018683242659,3923.74290954067,164.753281960265,11.7504670810665,817.446439487639,0,2796.61116529382,1403.87540694616,0,1292.55137891731,817.446439487639,0,340.763545350928,42.649379451529,0,387.765413675194,49.7576093601171,0,293.761677026662,21.3246897257645,0,23.5009341621329,3.55411495429408,82.3766409801323,376.014946594127,273.666851480644,104.842997611077,1069.29250437705,526.009013235524,14.9775710872968,270.260742864529,71.0822990858816,0,23.5009341621329,10.6623448628822,0,0,7.10822990858816,37.4439277182419,235.009341621329,149.272828080351
"S14_1",9271.43201294008,9.3492894540015,5089.70555589191,48.1811611659841,0,20.1812274222518,55.0641841896961,3590.12715033657,1469.19335633993,27.5320920948481,373.97157816006,201.812274222518,0,0,4.03624548445036,0,18.698578908003,8.07249096890073,0,18.698578908003,4.03624548445036,0,0,4.03624548445036,0,46.7464472700075,4.03624548445036,117.011391403104,0,24.2174729067022,110.128368379392,9.3492894540015,48.4349458134044,0,0,4.03624548445036,27.5320920948481,0,16.1449819378015,55.0641841896961,0,56.5074367823051
"S14_2",5255.43010480482,42.4383370961992,2452.13053096565,627.816313098071,0,285.787874831967,30.3782086982938,3479.94364188834,1252.52710574504,0,1502.31713320545,603.329957978598,0,212.191685480996,10.5847361048877,0,254.630022577195,14.1129814731836,0,101.852009030878,3.52824536829589,0,42.4383370961992,0,0,135.802678707838,0,101.260695660979,212.191685480996,98.790870312285,20.2521391321958,653.550391281468,81.1496434708055,313.908156549035,2520.83722351423,299.900856305151,10.1260695660979,50.9260045154391,7.05649073659179,50.6303478304896,93.3643416116383,49.3954351561425
"S14_3",4179.10447761194,256.519345312578,1754.2912663284,0,6.25656939786776,77.9685007257068,0,688.222633765454,389.842503628534,0,325.341608689124,191.922463324817,0,0,0,0,0,2.99878848945026,0,0,2.99878848945026,0,0,0,0,0,8.99636546835079,0,0,17.9927309367016,0,18.7697081936033,8.99636546835079,0,75.0788327744131,44.9818273417539,0,12.5131387957355,26.9890964050524,0,18.7697081936033,32.9866733839529
"S15_1",3706.24678141727,91.2263096677082,2027.49465686558,663.223108253616,22.806577416927,515.258040616968,0,3147.30768353593,835.388775911534,7.80262480298372,729.810477341665,768.313764706959,0,22.806577416927,6.09772829132507,0,0,3.04886414566253,0,45.6131548338541,0,0,0,6.09772829132507,70.2236232268535,91.2263096677082,60.9772829132507,85.828872832821,205.259196752343,115.856837535176,15.6052496059674,22.806577416927,9.1465924369876,0,22.806577416927,9.1465924369876,0,0,3.04886414566253,70.2236232268535,0,79.2704677872259
"S15_2",3123.26301580159,132.135306553911,2734.95844525926,291.15163706625,26.4270613107822,430.024912776614,8.82277688079546,1321.35306553911,702.374024201802,0,845.665961945032,911.652815086421,0,26.4270613107822,40.1356585258173,0,79.2811839323467,54.4698222850377,0,105.708245243129,48.7361567813495,0,0,22.9346620147527,167.632760735114,132.135306553911,117.540142825608,61.7594381655682,132.135306553911,180.610463366178,26.4683306423864,26.4270613107822,45.8693240295054,0,26.4270613107822,5.73366550368818,0,26.4270613107822,14.3341637592205,44.1138844039773,26.4270613107822,129.007473832984
"S15_3",3050.8383055698,0,2155.2072937178,593.968519668458,0,609.608070563483,13.4992845379195,3551.23931004493,1186.84757100855,53.997138151678,797.216987969271,712.10854260513,0,0,21.57904674561,0,90.5928395419626,24.2764275888113,0,90.5928395419626,16.1842850592075,0,18.1185679083925,2.69738084320125,40.4978536137585,72.4742716335701,59.3423785504275,40.4978536137585,126.829975358748,140.263803846465,0,90.5928395419626,83.6188061392388,0,271.778518625888,29.6711892752138,26.998569075839,18.1185679083925,0,40.4978536137585,54.3557037251776,107.89523372805
"S16_1",0,2.13374301199164,1286.7114871168,0,0,160.8389358896,0,1615.24346007767,1479.71821018432,0,1207.69854478727,965.033615337601,0,113.088379635557,32.16778717792,0,285.921563606879,321.6778717792,0,46.942346263816,64.3355743558401,0,27.7386591558913,32.16778717792,0,217.641787223147,193.00672306752,0,93.884692527632,225.17451024544,0,292.322792642854,289.51008460128,0,46.942346263816,32.16778717792,0,6.40122903597491,32.16778717792,0,32.0061451798745,0
"S16_2",4838.1158386451,13.7937693543826,2754.18232797399,51.7753181305658,6.89688467719131,93.8298588688534,0,2538.0535612064,695.44483632209,0,1489.72709027332,1274.98219992383,0,255.184733056079,82.791051943106,0,427.606849985861,176.620910811959,0,103.45327015787,44.1552277029899,0,27.5875387087652,5.51940346287373,57.5281312561843,372.431772568331,115.907472720348,109.30344938675,55.1750774175305,93.8298588688534,86.2921968842764,275.875387087652,215.256735052076,28.7640656280921,131.040808866635,38.6358242401161,28.7640656280921,27.5875387087652,22.0776138514949,63.2809443818027,62.0719620947218,88.3104554059797
"S16_3",6208.78515557374,19.2578042251622,4433.82342010198,7.86918270668408,0,48.3149241084038,0,3119.76428447628,743.306524744674,0,1810.23359716525,1252.47149419478,0,259.98035703969,55.7479893558506,0,298.495965490015,74.3306524744674,0,77.031216900649,14.8661304948935,0,173.32023802646,40.8818588609571,0,57.7734126754867,18.5826631186169,23.6075481200523,19.2578042251622,74.3306524744674,0,105.917923238392,37.1653262372337,0,77.031216900649,59.4645219795739,7.86918270668408,28.8867063377434,63.1810546032973,55.0842789467886,57.7734126754867,104.062913464254
"S17_1",3585.64985185605,2.85780423469432,2111.39949738392,75.4873653022325,0,720.965682033535,0,1354.59920724511,411.980389733449,0,2714.9140229596,432.579409220121,0,220.050926071462,20.5990194866724,0,277.207010765349,123.594116920035,0,42.8670635204147,10.2995097433362,0,348.652116632706,10.2995097433362,188.718413255581,1346.02579454102,566.473035883492,207.590254581139,337.220899693929,628.270094343509,18.8718413255581,125.74338632655,51.4975487166811,18.8718413255581,394.376984387815,123.594116920035,0,105.73875668369,102.995097433362,37.7436826511163,291.49603193882,185.391175380052
"S17_2",4688.29101154097,41.32999938005,2388.11082356523,2054.33721945457,61.994999070075,1788.70452123611,0,1632.53497551198,1056.0968183894,7.33691864090919,1591.20497613193,615.263611914548,0,661.2799900808,98.3153194296443,0,764.604988530925,164.916019688436,0,247.9799962803,50.7433906733648,0,165.3199975202,6.3429238341706,359.50901340455,1942.50997086235,501.090982899477,183.42296602273,1177.90498233143,383.746891967321,29.3476745636368,805.934987910975,212.487948444715,29.3476745636368,619.94999070075,53.9148525904501,14.6738372818184,41.32999938005,12.6858476683412,286.139826995458,413.2999938005,377.403968133151
"S17_3",3317.68414630013,0,1686.30305911718,495.74590691841,0,1693.7317069547,0,1460.83569076659,616.577770514211,0,1878.2173166999,475.433461601319,0,664.718885745645,304.574561338345,0,1136.2055372629,564.577235651567,0,255.066549181468,208.002139450577,0,332.359442872822,22.2859435125618,529.643062947019,1151.66411600117,1144.01176697817,76.2686010643707,417.381625933312,861.723149152391,21.1857225178808,347.818021611093,222.859435125618,25.4228670214569,131.397919275302,89.1437740502474,0,30.9171574765416,37.1432391876031,76.2686010643707,386.46446845677,564.577235651567
"S18_1",1574.87946114894,0,1256.17044662748,231.905327246107,0,1158.03213048471,0,2335.33592204557,1138.40446725615,0,1666.78877573449,608.457560085184,0,183.163601729064,98.1383161427716,0,677.705326397538,235.531958742652,0,329.694483112316,235.531958742652,0,109.898161037439,9.81383161427716,17.3063677049334,641.072606051725,382.739432956809,20.76764124592,228.954502161331,343.484106499701,6.92254708197334,384.643563631035,176.648969056989,3.46127354098667,256.42904242069,49.0691580713858,0,0,19.6276632285543,24.2289147869067,247.270862334237,490.691580713858
"S18_2",2476.9316411851,0,2110.53644734096,253.035014422996,0,1414.75520096482,5.62300032051102,1469.9004476515,1291.06075716461,0,1469.9004476515,556.624997100912,0,66.8136567114318,54.1163191625886,0,267.254626845727,201.003471175329,0,200.440970134295,85.0399301126393,0,0,7.73090273751266,64.6645036858767,66.8136567114318,293.774304025481,16.8690009615331,66.8136567114318,316.967012238019,2.81150016025551,0,131.425346537715,129.329007371753,66.8136567114318,1012.74825861416,0,0,7.73090273751266,11.246000641022,200.440970134295,293.774304025481
"S18_3",2192.03761234193,0,2040.25319207646,52.9112527117017,0,526.786684839414,0,1683.74880194797,1304.42417198331,0,2115.47926398591,986.679822397632,0,146.7883570929,50.1701604608965,0,371.288197352629,142.14878797254,0,198.596012537453,50.1701604608965,0,17.2692184815176,16.7233868202988,30.2350015495438,189.961403296694,326.106042995828,18.8968759684649,94.9807016483469,217.404028663885,7.55875038738596,86.3460924075881,50.1701604608965,272.115013945894,34.5384369630352,259.212495714632,0,0,41.8084670507471,11.3381255810789,25.9038277222764,133.787094562391
"S19_1",2866.04445403539,0,2310.89701861737,303.463530427277,0,1132.66501757584,0,1827.16247690949,937.377945580003,0,742.912215886274,325.47845332639,0,1144.48638663561,234.344486395001,0,1465.74572323508,449.160265590418,0,381.495462211871,136.700950397084,0,2168.50052204642,279.911469860695,836.210617177385,1726.76893422215,1497.20088530139,57.3208890807078,261.023210987069,605.389923187085,10.1154510142426,180.708376837202,149.720088530139,0,0,45.5669834656946,0,120.472251224801,169.248795729723,50.5772550712128,120.472251224801,468.688972790001
"S19_2",2430.49174985004,0,1535.53221546588,211.497855550432,0,1461.82666912352,0,2765.48672566372,1338.98409188625,0,983.284169124877,405.380504882992,0,752.826941986234,319.390700816903,0,760.508849557522,663.34991708126,0,460.914454277286,196.548123579633,0,153.638151425762,98.2740617898163,450.733134779609,1275.19665683383,1744.36459676924,62.4092032771766,107.546705998033,528.223082120263,10.4015338795294,245.821042281219,98.2740617898163,0,107.546705998033,36.8527731711811,3.46717795984314,30.7276302851524,61.4212886186352,17.3358897992157,23.0457227138643,368.527731711811
"S19_3",7498.91463077713,0,3325.96986770583,39.4679717409322,0,148.924023927127,0,1439.96753349941,521.234083744943,0,352.046391891198,0,0,1193.0461058535,273.027377199732,0,1024.35720973897,273.027377199732,0,185.802262387021,49.6413413090422,0,5454.27430770322,1911.19164039812,453.881675020721,2452.10091018661,1514.06090992579,197.339858704661,542.73818749893,719.799448981111,0,180.91272916631,74.4620119635633,1164.3051663575,281.148160190887,1762.267616471,0,12.2238330517777,74.4620119635633,0,132.017396959199,223.38603589069
"S20_1",9473.7829471907,0,3378.24966027001,0,0,241.303547162143,93.7998311603039,2233.31709693132,1384.32034950914,0,1909.40087676571,1270.01866927444,0,243.546030199708,38.1005600782332,0,284.948855333658,76.2011201564663,0,41.4028251339503,0,0,68.1928884559182,0,0,263.029712615684,25.4003733854888,93.7998311603039,323.916220165611,165.102427005677,0,292.255236239649,76.2011201564663,93.7998311603039,445.689235265465,101.601493541955,93.7998311603039,82.8056502679006,38.1005600782332,93.7998311603039,138.821237213833,114.301680234699
"S20_2",4570.33637155599,47.9800403032339,2196.13230916547,461.584469958002,3.99833669193615,364.287349861571,19.503569153155,1699.29309407287,843.065009679635,0,1631.32137030995,905.514269655905,0,327.863608738765,93.6738899644039,0,459.808719572658,114.490309956494,0,151.936794293574,104.082099960449,0,155.93513098551,31.2246299881346,39.0071383063101,275.885231743595,197.755989924853,104.019035483493,247.896874900042,187.347779928808,39.0071383063101,175.926814445191,52.0410499802244,6.50118971771834,115.951764066148,62.4492599762693,19.503569153155,55.9767136871062,62.4492599762693,84.5154663303384,119.950100758085,176.939569932763
"S21_1",2161.80486324823,8.48975710804914,1376.21873782527,97.5250314247323,0,313.69691818076,5.41805730137402,619.752268887587,323.816173605946,10.836114602748,789.54741104857,86.0136711140794,0,254.692713241474,60.7155325511149,0,670.690811535882,156.84845909038,0,212.243927701228,65.7751602637078,0,16.9795142160983,10.1192554251858,2140.13263404274,1163.09672380273,2575.35050570979,503.879329027784,263.182470349523,1092.87958592007,54.1805730137402,475.426398050752,227.683247066681,0,0,10.1192554251858,37.9264011096181,42.4487855402457,35.4173939881504,21.6722292054961,50.9385426482948,177.086969940752
"S21_2",2989.03648185945,10.5339667758688,1763.59067060535,126.402040277638,0,756.87432946813,33.4593636029043,842.717342069503,602.560145790162,0,1295.67791343186,330.673250738504,0,389.756770707145,44.0897667651338,3.71770706698936,937.523043052322,242.493717208236,0,326.552970051932,124.921005834546,0,231.747269069113,22.0448833825669,858.790332474543,1622.23088348379,2042.82586011787,245.368666421298,273.883136172588,1072.85099128492,70.6364342727979,305.485036500195,242.493717208236,122.684333210649,73.7377674310815,191.055655982246,3.71770706698936,10.5339667758688,36.7414723042782,44.6124848038724,52.6698338793439,440.897667651338
"S21_3",2379.18215613383,2.95325005168188,601.919059589987,693.928128872367,0,1239.24512268527,0,1544.54977702962,601.919059589987,0,649.715011370013,297.418829444464,0,552.257759664511,332.825832949757,0,1074.9830188122,849.76808412704,49.5662949194548,295.325005168188,453.209644867755,0,150.615752635776,56.6512056084694,743.494423791822,1695.1655296654,2159.82721382289,495.662949194548,248.073004341278,906.41928973551,99.1325898389096,540.444759457783,764.791275714336,495.662949194548,431.174507545554,184.116418227525,148.698884758364,17.7195003100913,56.6512056084694,198.265179677819,138.802752429048,269.093226640229
"S22_1",2309.91420318674,0,2318.5433305652,252.847751369235,0,390.139502739337,0,3186.79429128217,1309.75404491063,0,1685.10345618158,640.943468786053,0,378.288530979538,72.4544790801625,0,550.237863242964,66.8810576124577,0,57.3164440878088,33.4405288062289,0,126.096176993179,0,0,882.673238952255,16.7202644031144,12.8566653238594,859.746661317132,384.566081271632,17.1422204318125,469.994841520032,217.363437240488,12.8566653238594,458.53155270247,378.992659803927,0,80.2430217229323,94.7481649509818,12.8566653238594,217.802487533673,239.657123111307
"S22_2",2071.41665381213,226.423638627873,3527.17422626938,132.218084285881,0,403.434960521007,0,5207.74368844107,1302.51858682497,0,1245.3300124533,749.2363552533,0,113.211819313936,23.0534263154861,0,113.211819313936,23.0534263154861,0,0,11.5267131577431,0,0,0,0,0,23.0534263154861,0,452.847277255745,149.84727105066,0,226.423638627873,57.6335657887154,0,0,34.5801394732292,0,0,40.3434960521007,0,113.211819313936,86.450348683073
"S22_3",5124.86220639362,6.29524708844822,4512.59986094896,217.289917747817,0,544.397948341226,26.4987704570508,1756.37393767705,1521.69065078511,10.5995081828203,1718.60245514636,1239.6531594758,0,421.781554926031,65.590114257979,0,673.59143846396,118.062205664362,0,75.5429650613787,26.2360457031916,0,214.03840100724,6.5590114257979,26.4987704570508,1838.21214982688,714.932245411972,0,201.447906830343,124.62121709016,21.1990163656406,119.609694680516,91.8261599611707,0,31.4762354422411,13.1180228515958,15.8992622742305,37.7714825306893,78.7081371095748,10.5995081828203,81.8382121498269,124.62121709016
"S23_1",3711.48045188384,0,2173.20534590918,970.998205871335,0,686.275372392374,9.85784980580036,3652.04214565652,1055.80826521904,4.92892490290018,1809.6686453104,343.137686196187,0,1177.37478128628,316.742479565711,0,1302.74339225658,211.161653043807,0,256.188031113219,61.5888154711105,0,147.171847660785,17.5968044203173,320.380118688512,1935.03725628069,571.896143660311,280.94871946531,223.483176077489,651.081763551739,24.6446245145009,381.556642083517,123.177630942221,19.7156996116007,545.080917262168,105.580826521904,197.156996116007,256.188031113219,642.28336134158,384.456142426214,305.245313666814,527.904132609518
"S23_2",1634.31639940995,3.76081233546446,1292.66903290829,3194.34568975581,0,1774.6812146707,10.6124441520127,1474.23843550207,591.560404890233,5.30622207600633,297.104174501692,175.277157004513,0,1297.48025573524,241.006090881206,0,1399.02218879278,503.921826387976,0,680.707032719067,503.921826387976,0,52.6513726965024,0,291.842214180348,394.885295223768,350.554314009027,291.842214180348,515.231289958631,635.379694141361,106.124441520127,928.920646859722,854.476140397003,21.2248883040253,206.844678450545,0,0,0,21.9096446255642,53.0622207600633,112.824370063934,175.277157004513
"S23_3",3152.35373740412,0,1369.21547213484,294.781170100767,0,1108.41252506153,6.01594224695443,2048.26264747124,831.30939379615,0,624.022670376543,260.802947073302,0,818.570914670406,309.703499649546,0,1233.36245439128,603.106815107011,0,319.352778369172,130.401473536651,0,245.938346560167,16.3001841920814,150.398556173861,950.716891926615,374.904236417872,589.562340201534,356.059994273674,1206.21363021402,72.1913069634531,557.949681748438,358.60405222579,6.01594224695443,943.375448745714,260.802947073302,18.0478267408633,3.67072159045025,97.8011051524882,397.052188298992,242.267624969717,961.710867332801
"S24_1",3099.60878724045,7.51201923076923,2207.80189453271,110.3420603872,7.51201923076923,701.126277317819,0,1397.23557692308,432.609830685463,0,807.542067307692,790.631759528604,0,803.786057692308,305.810397553517,0,1246.99519230769,574.326844185873,0,210.336538461538,179.010964421571,0,1059.19471153846,44.7527411053927,180.559735179055,1633.86418269231,962.183933765943,80.2487711906911,469.501201923077,283.43402700082,30.0932891965092,296.724759615385,186.469754605803,0,48.828125,29.8351607369285,40.1243855953456,108.924278846154,343.104348474677,40.1243855953456,161.508413461538,365.480719027374
"S24_2",3346.59634187718,9.15541313801785,2614.36692314133,200.487338453472,0,409.367062698287,46.266308873878,1055.92431525139,502.405031493352,0,1452.6588845655,874.556906673614,0,122.072175173571,102.341765674572,0,247.196154726482,204.683531349144,0,51.8806744487678,74.4303750360522,0,12.2072175173571,0,123.376823663675,115.968566414893,307.025297023715,30.8442059159187,57.9842832074464,83.7341719155587,15.4221029579593,106.813153276875,46.5189843975326,0,6.10360875867857,0,0,33.5698481727321,65.1265781565457,0,45.7770656900893,130.253156313091
"S24_3",3307.10955710956,8.57299620502035,1879.05285910788,203.962703962704,2.85766540167345,601.788170563962,0,662.97837318824,577.225388091963,0,354.350509807508,1080.76242876793,0,1037.33254080746,429.848693259972,0,1600.29262493713,687.757909215956,0,291.481870970692,282.471998427982,0,677.266700196607,73.6883474159953,335.081585081585,3803.55264962736,1203.57634112792,87.4125874125874,348.635179004161,970.229907643938,14.5687645687646,254.332220748937,233.346433483985,0,114.306616066938,36.8441737079976,29.1375291375291,54.2956426317955,429.848693259972,58.2750582750583,162.886927895387,368.441737079976
