"","Tumor non-proliferating_intratumor_area","Tumor non-proliferating_stromal_area","Tumor non-proliferating_tumorfront_area","Tumor proliferating_intratumor_area","Tumor proliferating_tumorfront_area","Vessel_stromal_area","Vessel_tumorfront_area","Fibroblasts_stromal_area","Fibroblasts_tumorfront_area","CD4 T cells naive_stromal_area","CD4 T cells naive_tumorfront_area","CD4 T cells memory_stromal_area","CD4 T cells memory_tumorfront_area","CD4 T cells regulatory_stromal_area","CD4 T cells regulatory_tumorfront_area","B cells_stromal_area","B cells_tumorfront_area","CD8 T cells_intratumor_area","CD8 T cells_stromal_area","CD8 T cells_tumorfront_area","Myeloid M1 macrophages_stromal_area","Myeloid M1 macrophages_tumorfront_area","Myeloid M2 macrophages_stromal_area","Myeloid M2 macrophages_tumorfront_area","Myeloid Granulocytes_stromal_area","Myeloid Granulocytes_tumorfront_area","Myeloid DCs_stromal_area","Myeloid DCs_tumorfront_area","Myeloid Monocytes_stromal_area","Myeloid Monocytes_tumorfront_area","Tumor non-proliferating_intratumor_eccentricity","Tumor non-proliferating_stromal_eccentricity","Tumor non-proliferating_tumorfront_eccentricity","Tumor proliferating_intratumor_eccentricity","Tumor proliferating_tumorfront_eccentricity","Vessel_stromal_eccentricity","Vessel_tumorfront_eccentricity","Fibroblasts_stromal_eccentricity","Fibroblasts_tumorfront_eccentricity","CD4 T cells naive_stromal_eccentricity","CD4 T cells naive_tumorfront_eccentricity","CD4 T cells memory_stromal_eccentricity","CD4 T cells memory_tumorfront_eccentricity","CD4 T cells regulatory_stromal_eccentricity","CD4 T cells regulatory_tumorfront_eccentricity","B cells_stromal_eccentricity","B cells_tumorfront_eccentricity","CD8 T cells_intratumor_eccentricity","CD8 T cells_stromal_eccentricity","CD8 T cells_tumorfront_eccentricity","Myeloid M1 macrophages_stromal_eccentricity","Myeloid M1 macrophages_tumorfront_eccentricity","Myeloid M2 macrophages_stromal_eccentricity","Myeloid M2 macrophages_tumorfront_eccentricity","Myeloid Granulocytes_stromal_eccentricity","Myeloid Granulocytes_tumorfront_eccentricity","Myeloid DCs_stromal_eccentricity","Myeloid DCs_tumorfront_eccentricity","Myeloid Monocytes_stromal_eccentricity","Myeloid Monocytes_tumorfront_eccentricity","Tumor non-proliferating_tumorfront_celldistance","Tumor proliferating_tumorfront_celldistance","Vessel_tumorfront_celldistance","Fibroblasts_tumorfront_celldistance","CD4 T cells naive_tumorfront_celldistance","CD4 T cells memory_tumorfront_celldistance","CD4 T cells regulatory_tumorfront_celldistance","B cells_tumorfront_celldistance","CD8 T cells_tumorfront_celldistance","Myeloid M1 macrophages_tumorfront_celldistance","Myeloid M2 macrophages_tumorfront_celldistance","Myeloid Granulocytes_tumorfront_celldistance","Myeloid DCs_tumorfront_celldistance","Myeloid Monocytes_tumorfront_celldistance"
"S01_1",128.320987654321,43.5714285714286,110,111.095238095238,123.676470588235,56.6824324324324,58.6144578313253,49.6942675159236,63.037037037037,59.551724137931,0,57.5820895522388,0,47.6666666666667,0,57.0909090909091,0,0,55.0350877192982,95,56.1497584541063,51.5833333333333,57.7910447761194,46.2222222222222,52.4011976047904,54.9,53.9571428571429,57.5,57.0505050505051,74.8571428571429,0.67211032202585,0.542944147638481,0.668419446669999,0.666381991535809,0.674235931349095,0.608636482572533,0.621905690914352,0.638609308054332,0.639420712722667,0.616403400409163,0,0.569927658615441,0,0.638435828087036,0,0.550719313336441,0,0,0.600620273566428,0.473093763090449,0.60612133042022,0.548664695073709,0.598256588300767,0.640821563961843,0.61149644276616,0.5891499759411,0.58075345007714,0.656202468688532,0.64814801245373,0.669774495911659,10.5629693619054,9.72228265072823,-10.0823668749843,-11.1813139435746,0,0,0,0,11.0248724535892,-6.45765051951641,-10.7832861256065,-5.02952383464615,-0.978785213756155,-8.66381416312168
"S01_2",132.315942028986,84.75,92.3325991189427,117.411764705882,107.765625,54.891495601173,59.6,48.1495726495726,64.1052631578947,59.3076923076923,29,53.046875,55.4,48.1153846153846,51,45.3461538461538,67.5,75.5,43.8,66.4285714285714,57.5248868778281,61.1315789473684,52.375,42.8260869565217,53.4096774193548,54.969696969697,48.7272727272727,23,55.8536585365854,58.5,0.631762392908132,0.553165143388861,0.647147531367469,0.62877986845315,0.647101341803219,0.625884885425159,0.643321148457128,0.616046316937316,0.612173859247038,0.55887970145384,0.541774576510122,0.608442534093291,0.491597085218776,0.552731121641809,0.622775676722151,0.572261201085223,0.651180359341062,0.544683391881422,0.539019765656196,0.589443404918823,0.60975427117059,0.617658249528378,0.59688188139151,0.573807771853666,0.61273651026949,0.634623380266882,0.642462161307032,0.599489974806722,0.651465543182535,0.555599984474297,9.6203933401614,9.61423248409195,-10.3282672892892,-8.49761791400903,-8.82302203671686,-11.1806606316264,-13.8922300593633,-1.48279148828439,1.00409013073289,-8.78488716785494,-8.92417774951654,-5.77883965912218,-13.1530598039213,-4.2890051208656
"S01_3",148.675417661098,80.5,100.69578313253,107,124.711111111111,66.9689119170985,74.2039473684211,67.3840579710145,67.7142857142857,62.1333333333333,68,57.2558139534884,58.3333333333333,47.1666666666667,57,58.7333333333333,58.5,128,57,62.6,70.4690721649485,73.6380952380952,70.1111111111111,67.4814814814815,51.2727272727273,68.0909090909091,69.5333333333333,74.3333333333333,63.7058823529412,51.8,0.638902671812982,0.665782214057255,0.651690713468446,0.64126204169424,0.664614769280755,0.629522511521453,0.644086421991581,0.620144130225231,0.617047559151905,0.642615822020497,0.609712017506415,0.640935368041826,0.624807414222855,0.513150129267026,0.701487783012589,0.630107277200009,0.623520869185,0.596063010435385,0.567339300790768,0.523475989473287,0.614308516963362,0.645840339078184,0.609389344601311,0.646305277614793,0.606915343687729,0.613037784764309,0.719033016335196,0.728854719290681,0.604073359737635,0.586497944783815,8.35186090859615,7.4710445626831,-11.1382788881149,-10.3465135356407,-18.2183974209954,-15.0874505617836,-15.4345023678671,-13.2684497875817,-6.64106018688697,-10.2542579446072,-10.1711264413328,-4.37613722031907,-7.01401455398606,-13.6409150336311
"S02_1",123.751351351351,41.6666666666667,97.5597920277296,129.69387755102,121.27,84.4266666666667,76.9178743961353,64.8536585365854,61,35,0,56.5,75,55,0,0,0,47,98,0,62,84.5,69.9523809523809,40.75,62.1666666666667,50,65.8333333333333,60,44,109.5,0.640170022708485,0.777333297885854,0.644893059063706,0.625874318892433,0.671762053721702,0.738960872532988,0.736522955565796,0.680213202764041,0.652150295703822,0.51810938641489,0,0.684093557220191,0.689455893923792,0.639238244573536,0,0,0,0.706611252322078,0.703241366470794,0,0.590916662107338,0.666315494365231,0.604918713808214,0.574776638100644,0.594560804461727,0.550616658611236,0.629639136628009,0.666174827636951,0.494204693578522,0.626815001940579,10.7500322204912,10.8202169504735,-9.73745316049728,-8.43506361908438,0,-14.3032386906942,0,0,0,-8.2396885369047,-10.686787516803,-10.48146844747,-7.60464100313993,-6.4693299703541
"S02_2",136.448529411765,36,85.8681318681319,184.5,117.095744680851,38.4336917562724,51.2957746478873,38.5710144927536,47.4931506849315,44.4883720930233,46.7692307692308,41.0409836065574,52.5217391304348,42.8461538461538,50.4,41.3589743589744,51,81.1111111111111,41.0743801652893,58.6949152542373,39.6172839506173,55.0227272727273,39.3559322033898,46.1449275362319,37.1313131313131,39.5555555555556,44.6,53.9285714285714,40.7058823529412,47.875,0.612129897891882,0.859650991755426,0.667948342134251,0.77731970335436,0.667813300704738,0.665189692026414,0.647574313213322,0.665734818145651,0.63948541383538,0.611381680989892,0.570038096617874,0.585396198194756,0.593768553553378,0.582530575879459,0.670196069603026,0.609922658803328,0.572731108647282,0.591581960199259,0.616582238393655,0.612094684124519,0.606229554907697,0.626910665642722,0.632075618427164,0.611934781492199,0.616717394983295,0.579136914007183,0.570903244635172,0.564954124809881,0.615742824439179,0.538335044714296,8.31001693919393,10.2505310123654,-9.82564939771632,-8.90094188079723,-10.8867435429221,-14.2960036050009,-11.5892496021522,-12.8225259463975,-0.360111633348324,-8.96973364262097,-7.99187335970915,-9.02706476279115,-6.09727454016963,-2.42883048581065
"S02_3",147.778125,18,100.309734513274,87.7142857142857,113.578703703704,56.5714285714286,61.0243902439024,59.2384615384615,58.289156626506,53.375,55.25,47.3783783783784,57.5,65,46.6666666666667,44.4285714285714,52.1666666666667,86.6666666666667,47.2666666666667,59.7735849056604,46,62.0666666666667,41.1875,55.6315789473684,48.4444444444444,52.25,55.2857142857143,57.2,29,70.75,0.645932405612986,0.47692249040608,0.657433980673561,0.641887225759406,0.669403544130823,0.64636341007761,0.681887475484323,0.665584106333496,0.665900612313572,0.616341752631089,0.661437547690944,0.570620528309474,0.702003492065972,0.736652194607717,0.753013045105742,0.674644764456634,0.625797978836816,0.592900941277209,0.585567137487088,0.606176271631975,0.685560527261972,0.627369291850962,0.563122121931265,0.588801412100494,0.524341993486659,0.543309034939134,0.581220481875408,0.637554587998494,0.704936859634319,0.653965740964412,10.3831978208759,9.48297218320607,-8.71074093559428,-9.93886025875513,-10.7815880567116,-12.6325620636345,-17.937235660264,-7.32288405710988,-0.278419855845133,-4.06569469482769,-10.2107916012403,-7.6653993216248,-6.20685161083381,3.15469932517963
"S03_1",142.071913161465,0,104.199346405229,143.744,129.072289156627,61.8359621451104,78.6793893129771,50.5926680244399,71.6132075471698,41.4,52.1666666666667,51.1333333333333,65.9375,54.5,72,40.3333333333333,0,87.5714285714286,52.5882352941176,65.4444444444444,50.5769230769231,71.125,52.0384615384615,61.6521739130435,73.5,22,45.5,50,53.8,72.7692307692308,0.597267489520866,0,0.620499895226442,0.590924029211137,0.597792619758659,0.650388810204273,0.614054561900282,0.654311646063757,0.593813597208551,0.596425370098683,0.602341430198948,0.577226901282808,0.608679506461431,0.504334834745779,0.774916437947076,0.493125298078952,0,0.612428813126647,0.558897469770358,0.566629315047473,0.622675668633231,0.560176083291374,0.540087042123546,0.618874720862355,0.636588447587934,0.428259399823422,0.588323032345848,0.397716591488271,0.61127365036102,0.634401888632021,10.3552727372986,12.6464821659407,-8.87610937244138,-7.71972968553626,-5.47595841427482,-7.45826448693923,-17.4403042131,0,-4.83424987053596,-1.39561040808905,-0.84832402797119,-2.6855166554451,16.6541382598877,4.15997878462992
"S03_2",142.428571428571,0,126.6,0,168.4,55.1761467889908,58.32,48.2137254901961,52.9411764705882,47.8446601941748,64.75,48.9459459459459,51.6666666666667,49.75,22,50.1584821428571,50.4,0,50.8984326018809,50.3181818181818,47.0625,58.5714285714286,49.7028199566161,52.6805555555556,40.2790697674419,0,49.5918367346939,40,56.9259259259259,41,0.68396850049142,0,0.590593309426526,0,0.581535311322947,0.619567288728354,0.608093616419789,0.657047922959107,0.632052245632776,0.587351113804771,0.633624361440184,0.578002424805621,0.499126562437157,0.602642554814908,0.689860562364244,0.585756545940291,0.609381499719881,0,0.600947067209196,0.595339713734893,0.631622910966034,0.583848254807438,0.600869479652044,0.608882936344055,0.637166715376677,0,0.616587591907091,0.560953714950457,0.602803433105772,0.708005982710046,8.72481641852812,8.33216275357943,-8.36816317450052,-10.5461484366381,-12.9278007667263,-11.8917019377755,-7.11821322007613,-11.4262188653448,-10.7279010571716,-11.5346043053116,-9.20365776247225,0,-9.37945198389635,0.643167840909676
"S03_3",103.022727272727,90.1428571428571,99.2988115449915,83.7142857142857,105.801587301587,59.2936046511628,68.3300248138958,53.9245585874799,59.61,52.7058823529412,37.4,56.8076923076923,52.6666666666667,57.7826086956522,74.1666666666667,49.3793103448276,0,53.6666666666667,51.608040201005,58.7142857142857,54.4838709677419,68.3720930232558,47.9161676646707,58.4464285714286,57.4857142857143,58.0833333333333,63.4210526315789,70.5263157894737,55.7027027027027,76.125,0.630938362786795,0.694616485697703,0.639009306384828,0.692122677802335,0.651908982471448,0.616245939604763,0.630805731206751,0.647731237809939,0.635899754671911,0.590045546340998,0.612088947002328,0.608910209727852,0.584184646084721,0.615268644432088,0.689825368827474,0.599159607997271,0,0.594123291906361,0.604069978067117,0.588256811417204,0.599200039541884,0.619808633782592,0.605323670218587,0.608258674781642,0.613653865981897,0.616168641321453,0.598389240027577,0.644259387527543,0.601649175905215,0.633051779511442,7.78619697031232,9.16290475837151,-9.05744035520223,-9.20325341116796,-9.04158188563195,-9.56701301190444,-5.21321011214095,0,-4.24763091840386,-4.1390558668545,-7.73838285683495,-3.72654265529241,-5.91544048258538,-6.02635920828522
"S04_1",138.514285714286,0,104.575757575758,198.333333333333,114,62.3274074074074,71.7926829268293,54.0139211136891,56.6909090909091,46.5,93,53.9230769230769,56,0,0,52.3333333333333,0,77.6666666666667,55.1158536585366,65.55,50.8421052631579,79,56.801724137931,68.7380952380952,57.45,52,65.6666666666667,76.3333333333333,63.4166666666667,70,0.666244466098456,0,0.652086912527143,0.602891197471836,0.705956990503739,0.605917541490924,0.657086055813252,0.622658900956924,0.643551089609884,0.633190019493559,0.653822104964669,0.53705662102739,0.530956989709604,0,0,0.5097195034741,0,0.678052073165172,0.565010032744961,0.606030502370847,0.639529087615342,0.627688476301221,0.587450769893088,0.632835962233937,0.600711819219413,0.496692481210381,0.592468409175938,0.678026921387154,0.524846506761078,0.658787375335676,8.89838922787879,12.20951,-10.8336979268293,-9.84136569090909,-7.218729,-2.145998,0,0,-4.7598729,-5.83085456363636,-4.0691304952381,-18.32749,4.44429155555556,-5.45417148571429
"S04_2",106.701492537313,61.3333333333333,90.9020618556701,128.293577981651,94.8333333333333,47.1506550218341,59.8518518518519,46.755230125523,56.8913043478261,45.2424242424242,36.8571428571429,42.5254237288136,46.2,45.4,100,50.271676300578,53.3333333333333,57,46.2647058823529,53.4444444444444,45.0119047619048,79.9243697478992,42.9333333333333,45.875,49.4121621621622,78.364406779661,47.25,75.4117647058823,41.8780487804878,62.2941176470588,0.633564776392816,0.738768008808437,0.682194642172385,0.636119545560561,0.649855804316318,0.633333002846094,0.640258811356133,0.632802834304628,0.648034178020291,0.564307518760434,0.634282101368359,0.547931101905034,0.63136951304172,0.603887363654694,0.597573086242464,0.568860510970013,0.6834135493326,0.762319550147434,0.573901583004373,0.568671904653441,0.589365930736585,0.655483490058646,0.625194974008908,0.629379958554829,0.601335369012331,0.63007358658865,0.518449934833557,0.676132634096148,0.557746546599479,0.646975916495724,8.23792232113402,13.7676627083333,-9.91052304966667,-10.1354909391304,-12.0561905285714,-11.9022354,-2.551661,-10.1442826666667,-0.142020062962963,4.47926197394958,-2.86106395,-4.8177650629661,9.38405047058824,3.05768073764706
"S04_3",113.909090909091,0,91.1666666666667,72.4,103.863636363636,57.8520357497517,54.0657894736842,46.2636815920398,50.9803921568627,53.7671232876712,28,52.6262626262626,57.5,39,0,52.7755102040816,0,0,53.3573883161512,51.8571428571429,54.3695652173913,66.6875,54.7541371158392,51.3461538461538,51.2,59.6923076923077,53.2962962962963,72.25,59.2121212121212,65.7777777777778,0.65828799122579,0,0.647484286741748,0.713344709016424,0.638602912860347,0.600586866437888,0.629612719573754,0.625688974285265,0.625531071261338,0.589310564083767,0.245689686325933,0.594160778025042,0.41777367181394,0.413211390298109,0,0.594833691421193,0,0,0.591034598829559,0.614782036267214,0.57698423275482,0.616536046138935,0.603688686795145,0.573168161871763,0.590391772023959,0.656617297411068,0.583268836267249,0.747581592915462,0.622080677876753,0.717600673644233,7.43510864898148,12.3308078636364,-9.6086866631579,-11.9209562745098,-10.61845,-15.96754,0,0,-8.11433571428571,-1.9006565875,-9.65906830038461,1.33154769846154,-2.308273375,-2.73865011222222
"S05_1",107.245430809399,0,81.0034965034965,86.1034482758621,88.9846153846154,45.6907775768535,56.0421052631579,40.1614420062696,49.4639175257732,38.8095238095238,39.3333333333333,41.0814814814815,53.3181818181818,42.0909090909091,41.75,41.5538461538462,53.2,0,37.7054794520548,44,40.1181102362205,66.2151898734177,41.551724137931,52.8529411764706,37.1290322580645,53.625,64.5,54,38,59.2333333333333,0.644482018036819,0,0.675196187737926,0.63244328236227,0.674228487250054,0.628847197832203,0.640260210824586,0.618817819386272,0.643162375340747,0.593708631037112,0.641711078236761,0.601938141576286,0.62035362652379,0.601848111281468,0.518689300271401,0.609362657692998,0.587703929908907,0,0.571393460914821,0.577866283434054,0.615140304167484,0.614402693422325,0.606606587911184,0.607568021400894,0.601298908034715,0.721445820047216,0.56177945312156,0.494673000223992,0.613544206018898,0.574576239506368,10.233003106993,9.40184083076923,-10.9663229284211,-9.99247287886598,-16.31405,-10.2415656045455,-5.642658875,-7.8861226,-12.6589705238095,2.53491711898734,-6.04599369705882,2.116106125,19.76147,2.30926913866667
"S05_2",58,61.2727272727273,84.2336244541485,0,94.9874213836478,51.13,61.9834710743802,45.4285714285714,57.3254437869822,30.8333333333333,58.25,36.5925925925926,51.3076923076923,47.1666666666667,43,39.5,58,0,34.4426229508197,51.3571428571429,41.5633802816901,55.0725806451613,38.3421052631579,58.5238095238095,27.5,63,57,67,42.1698113207547,56.1086956521739,0.700304630687617,0.678826881378478,0.650201086817106,0,0.644019316060357,0.648241232742121,0.629357275588416,0.678262197392671,0.653452142745194,0.564654470250191,0.713554869978391,0.595577831298456,0.634239575968225,0.585710572522557,0.620416326922925,0.546549018163897,0.632923476521817,0,0.573739696418875,0.578726527759716,0.674679105588819,0.636789404551734,0.603220360628392,0.617785456286467,0.643391632930194,0.688783712887051,0.796239411411908,0.521627243363514,0.632681085482921,0.617732882027085,7.10844145938865,6.41599872955975,-9.10922384710744,-7.14527155043393,-8.3840975,-7.89364115384615,-7.71181175,-7.35036,-5.33089184285714,-5.80176048828226,-9.3473192,-4.823734,-4.595433,-5.51129241565217
"S05_3",201.02962962963,100.8,126.099337748344,0,124.454545454545,63.3273542600897,69.9642857142857,55.9609665427509,74.5151515151515,71.5,0,48.3636363636364,0,43,0,55.6395348837209,0,43,57.111801242236,59.5,57,88.0625,53.7463976945245,63.7884615384615,52.9758064516129,112,62.0689655172414,79.8571428571429,60.8615384615385,70.0625,0.586915960091384,0.666031056812871,0.627740934796492,0,0.565105439803875,0.616890811888861,0.636994873842939,0.594465997096162,0.619433722506947,0.464121801813091,0,0.574089816053213,0,0.540601209051828,0,0.565889751692252,0,0.392992004500938,0.566771113938116,0.635069236768583,0.587503311846336,0.562082697158507,0.596164551018295,0.593109664853683,0.583788884781488,0.596002886392696,0.565007064280677,0.727919296264824,0.587617159478604,0.632789936783022,8.61359989615894,6.96474245454545,-10.9470274642857,-10.5588339393939,0,0,0,0,-10.7093613181818,-4.239436775,-9.56514625942308,-6.782685,-5.16551757142857,-5.1900255625
"S06_1",106.661803713528,44,105.672253258845,101.076923076923,122.25,63.4003724394786,68.4601063829787,56.7407407407407,61.1612903225806,0,0,0,0,0,0,53.5,0,80.21875,65.45,75.1111111111111,76.8,84.4666666666667,66.4047619047619,73.5294117647059,58.75,76.25,63.4,66.4210526315789,77.4285714285714,69.3333333333333,0.647793444759278,0.947722159908424,0.626894653058503,0.559373247651968,0.558887671722893,0.640127035987083,0.630622691360272,0.619210556286526,0.612976174891972,0,0,0,0,0,0,0.483735947717188,0,0.546657460895466,0.568749080010689,0.579882952004767,0.607096969991784,0.556777694842636,0.560095676830282,0.539922014885908,0.49520252195416,0.580472850332689,0.621589236389188,0.614182214325689,0.570009312197419,0.664202753070498,10.6403152229981,11.410250625,-9.40196014146277,-8.73417114032258,0,0,0,0,1.44655411111111,2.96369593333333,-4.31680654705882,-9.148094,-3.31064931052632,-6.56465270416667
"S06_2",116.8,0,120.882506527415,58.1666666666667,122,64.3539603960396,69.8348623853211,58.1598513011152,72.4273504273504,16,0,47.5,54.75,0,0,50.2857142857143,64.6666666666667,95.5,59.6190476190476,71.3695652173913,42.3076923076923,75.7,63.4298245614035,67.747572815534,55.8857142857143,50.75,62.5,81.3478260869565,69.9230769230769,75.9285714285714,0.630911979921251,0,0.622166506286439,0.533729031844576,0.66644818862761,0.629941201449138,0.616545819692417,0.618013941533822,0.622130688723405,0.577350269189626,0,0.454305701354132,0.633241391426677,0,0,0.623804247965867,0.677510019307983,0.597040600437786,0.576533007764698,0.544355655078901,0.61142644696086,0.626727192955044,0.585254013251187,0.586243366694072,0.529519262275558,0.678183101188664,0.717791606215309,0.610412878514603,0.613460509178749,0.59661429098507,11.3598853980157,12.61310575,-10.2704329045872,-10.6836474076923,0,-9.4907855,0,-13.3588383333333,-3.78374043478261,2.278630545,-7.59424064660194,-12.565737,-2.89536832608696,-9.00628164285714
"S06_3",94.5760111576011,12,83.0047923322684,100.920454545455,96.2794117647059,32.5130434782609,40.68125,27.4851851851852,43.86646884273,24.2666666666667,46,27.5443037974684,35.2,32,21,27.7307692307692,47.6666666666667,63.6666666666667,26.1975308641975,38.030303030303,30.8064516129032,52.25,30.7142857142857,39.58,29.5833333333333,34.1666666666667,0,22.6666666666667,30.4444444444444,36.5454545454545,0.602197169078542,0.683130051063973,0.601014558485114,0.596593897584885,0.624288295765131,0.735049376071319,0.656062331838262,0.679115543637708,0.671301567237652,0.648372969103461,0.517916058482968,0.629858894705379,0.645433650113826,0.597555879901664,0.747370456240133,0.612879942854999,0.618527982820498,0.547417229101762,0.580300139072451,0.600613649054334,0.690677642788822,0.599165547793422,0.612751194134864,0.640707325505171,0.614327586071997,0.555704311197281,0,0.709869955073461,0.616060948399506,0.640852855922952,11.9494782982907,12.5076908970588,-9.57157851,-6.85864337153709,-17.453465,-13.7370503,-17.66689,-9.8163105,-2.07389503030303,-3.47638162541667,-9.332876954,-10.781009,-5.690657,-5.09674093636364
"S07_1",111.6,52.4117647058824,102.596330275229,127.545454545455,113.491150442478,52.2727272727273,65.2654320987654,54.7131782945736,56.3631921824104,42,64,50.3333333333333,53.9230769230769,58,38,0,0,0,84,63.625,49,60.5714285714286,49.3333333333333,53.1714285714286,0,83,56,0,62,43.3333333333333,0.631078247693554,0.664991327327376,0.658211690242948,0.66952739212221,0.683347085273038,0.619248173241094,0.656856623826804,0.681737480441885,0.641406613386317,0.729415037687742,0.738072588695048,0.66326544626656,0.556157357865151,0.57447673341032,0.566623524922117,0,0,0,0.72952061777105,0.624803253285615,0.732338533519852,0.678931842690245,0.693068358893876,0.63133026655873,0,0.469359399460944,0.754998195942458,0,0.789113547904514,0.625888394037093,7.56077028634557,5.85584928827434,-11.1844341975309,-7.32067293058632,-15.44956,-10.1878846923077,-7.21546775,0,-5.131203875,-1.32344935714286,-6.10262578857143,-4.367455,0,-5.44285753333333
"S07_2",103.9375,37,63.9826086956522,126.333333333333,73.390625,45.3614190687361,40.3055555555556,36.9525862068966,38.8244680851064,43.7044198895028,47.7333333333333,40.8187919463087,36.2758620689655,42.7727272727273,33.3333333333333,51.2997319034853,43.6421052631579,0,38.4866666666667,41.3846153846154,49.193661971831,48.6153846153846,39.2230769230769,40.8181818181818,30.3333333333333,28.6666666666667,22,56.5454545454545,33.8636363636364,32.25,0.731025168117173,0.572308914649411,0.697961780172597,0.73836419042799,0.67998898607999,0.617574389718516,0.668093500586441,0.635812549847792,0.645628031985754,0.618698206178325,0.60936580280975,0.622598570443797,0.650813380335815,0.576996151413228,0.553779561941848,0.614943970563513,0.627768951473564,0,0.600238783669986,0.582611537381808,0.617955056480767,0.642186905673464,0.619440663997308,0.645290693334339,0.748110938172949,0.51598938062413,0.714714565860217,0.741609629282827,0.591324042761034,0.465419145018619,8.34693324434783,7.067758984375,-10.7934855305556,-8.62606662797872,-10.3718530133333,-10.7358247448276,-14.048883,-12.2025829894737,-7.47657016730769,-1.79137306730769,-4.73776617454545,-3.756189,-1.48370545454545,-4.297622625
"S07_3",81.6445993031359,33,57.703125,41,61,68.8228882833787,62.1052631578947,61.8434442270059,51.4489795918367,0,0,83,41,0,0,0,0,63.6,62.1666666666667,59.5833333333333,50,0,88.75,65,0,0,0,0,0,0,0.606754275200605,0.900836748692588,0.647285963699952,0.630875195319539,0.587743343381022,0.643096984467898,0.611136164902075,0.649129186930468,0.597921177074578,0,0,0.542376257794978,0.602488815259346,0,0,0,0,0.583309019535698,0.664238459867736,0.619649057673346,0.630791388506257,0,0.674039541875141,0.657495458265563,0,0,0,0,0,0,10.6880169613281,12.6504314166667,-10.5344201684211,-10.0328256061224,0,-15.04257,0,0,2.96228824166667,0,0.741169,0,0,0
"S08_1",96.5896607431341,0,76.4244604316547,82.8356164383562,85.9481132075472,52.4,70.5535714285714,39.4901960784314,53.75,55.6139534883721,59.741935483871,55.6891495601173,59.0281690140845,55.1764705882353,66.9411764705882,50.8,51.8,56.4444444444444,57.5473684210526,61.0740740740741,53.9032258064516,62.3125,55.0677966101695,64.1358024691358,29.5,63.5,27,56.6666666666667,60.8095238095238,73.0294117647059,0.641714017872353,0,0.652917197709871,0.621546671327662,0.645520314416589,0.635332273207352,0.696521198367743,0.636801039812821,0.649822008745285,0.597746976051905,0.550060328447847,0.626605940920084,0.609883466460376,0.612452119569107,0.600579301427358,0.600421782346316,0.664390567226672,0.608625357613531,0.618893235957744,0.647385421173357,0.611222428254963,0.618033686991556,0.6132039540569,0.641629075842804,0.655698201420779,0.732755107554047,0.820076045922951,0.632140760913397,0.649427173105676,0.692653037076129,10.2952683883453,9.86965315471698,-9.96983470982143,-7.22619119375,-12.9557416774194,-12.0795826619718,-12.9924938235294,-7.7262894,-9.13457022962963,-8.055803225,-9.26671414753086,-3.6974745,-2.4907801,-3.54570501470588
"S08_2",69.7743830787309,14,50.5764272559853,59.2790697674419,56.6212765957447,49.2739726027397,40.4071428571429,27.2567567567568,32.9375,49.5350140056022,51.4651162790698,47.781976744186,42.5909090909091,49.7424242424242,53.3333333333333,50,59.5,59.7,46.7432432432432,45.0909090909091,51.8888888888889,53.4848484848485,48.0769230769231,44.1692307692308,32,0,41,34,43.0909090909091,47.5789473684211,0.598318059013286,0.90357145807932,0.648049134899772,0.654929774305284,0.646333379868137,0.669799992813866,0.632042523444211,0.67014323526375,0.674245085373405,0.593318785359791,0.600529159123561,0.587894640926777,0.593837669338137,0.667057876892814,0.643584273665963,0.590529872863236,0.653790777663157,0.600972410676221,0.622549004138501,0.637087739774656,0.590784843649718,0.61301370691835,0.605270333543435,0.634812344125569,0.601917531641354,0,0.420562694798789,0.525953166288675,0.622398459027634,0.617472853429483,11.0485964495396,10.8031319089362,-7.446003957,-4.57249636875,-11.9239972790698,-12.4981057121212,-10.9421999333333,-9.68181275,-5.42692056136364,-5.51725748484848,-6.76720001384615,0,3.92075093333333,-3.69447575789474
"S08_3",86.81875,45.6,68.8347107438017,75.1025641025641,67.2325581395349,41.4497041420118,60.8648648648649,27.4202898550725,35.75,50.2612612612613,51.9523809523809,50.1723027375201,51.8918918918919,50.5714285714286,62.8,52.6212121212121,50.5,0,41.04,42.5714285714286,44.1741935483871,49.3333333333333,46.2528735632184,51.05,0,0,0,0,36.3076923076923,62.5,0.595162823046069,0.648731236160899,0.641544159231339,0.652045968492638,0.640625524468031,0.662567514566541,0.649131677764901,0.679826771746361,0.617302554698685,0.609739765571772,0.649273986742146,0.607633755487248,0.656579207334277,0.631748526850917,0.656105820494425,0.638901784603021,0.681806140581606,0,0.606779518416486,0.660270239432121,0.631707546565989,0.637826591454745,0.650563151399243,0.632517285094174,0,0,0,0,0.645627330291904,0.658345911983488,9.06766356884298,8.87764544767442,-9.15942695675676,-8.0883397375,-14.6164005238095,-13.4262092972973,-12.8064271333333,-10.9405913,-5.74820492857143,-6.90811654761905,-10.3339711201,0,0,-10.35366625
"S09_1",58.5555555555556,60,92.3305263157895,121,114.292682926829,56.8467153284672,61.9234135667396,52.5972222222222,58.338199513382,45.5882352941176,51.8695652173913,51.8275862068966,59.5625,64.6666666666667,60.0714285714286,57.3333333333333,29,94.5,47.1785714285714,64.7407407407407,47.6538461538462,57.9731543624161,54.1860465116279,50.6114285714286,44.0909090909091,46.875,62.2941176470588,63.4358974358974,47.5,64.9714285714286,0.687371000765257,0.657416576883888,0.622439913804208,0.646995792517448,0.623862705455498,0.631949891886133,0.627960802888672,0.6306597167887,0.630436292692921,0.655530499157534,0.589113068534921,0.595390059138074,0.630247591596411,0.65780450706863,0.651868091852323,0.5946566804508,0.669217629842102,0.836280838328382,0.613262182832007,0.625291671107234,0.58975510979877,0.609918007342784,0.602827019826458,0.593192562134058,0.57055726091637,0.615794678295264,0.691475621520304,0.60048798103524,0.567875897831356,0.610610828902595,5.69321688712632,6.10259740609756,-8.1713886461291,-7.94559609026764,-8.92187105217391,-7.86222648125,-11.4295983571429,-1.16304965,-0.783584734259259,-3.88663504315436,-7.32620737365714,-9.5698345,-4.53403511532051,-1.378202765
"S09_2",103.206896551724,44,91.6029962546816,111,120.144329896907,49.8805460750853,61.0591966173362,43.2272727272727,54.2971698113208,46.3609467455621,48.4186046511628,43.9304812834225,51.4121212121212,45.09375,54.2432432432432,43.1217391304348,64.5555555555556,69.875,43.7138263665595,59.5282485875706,44.3142857142857,58.734693877551,48.0363636363636,53.3252688172043,43.24,47.9824561403509,33,59.5,40.6774193548387,55.2916666666667,0.595487897051058,0.96380213862485,0.638053856314035,0.660772364645697,0.64226625255028,0.612760641770087,0.622071096081892,0.582389257567562,0.643876950603003,0.595197419533467,0.61795204839094,0.587677728046959,0.581211759151454,0.58813428951651,0.618304660979651,0.553614874513465,0.616314139024321,0.641418578195387,0.587678630548915,0.602978711511217,0.608662411006842,0.611881002533435,0.607730165640818,0.603350994701349,0.572830245331598,0.586203662429729,0.560601929265128,0.591733258417095,0.604693374979009,0.637455047184868,7.31797355794007,8.1857590185567,-9.80747774524313,-6.44836398245283,-8.45004022767442,-8.74542929878788,-8.98775795,-12.0931825555556,-4.06838810774011,-1.9388441317898,-4.54682569620968,-6.19445838157895,-0.226618354878049,-0.597141758125
"S09_3",88.9516129032258,70.3,92.7059891107078,169,104.762376237624,54.3465346534653,62.1686991869919,49.2727272727273,56.7780979827089,33.1428571428571,39.375,50.1176470588235,54.4259259259259,29,55.2916666666667,49.75,54.8571428571429,93.2222222222222,39.6363636363636,65.0454545454545,61.1379310344828,64.8823529411765,27.2727272727273,56.3793103448276,29,42.8181818181818,46,55.5714285714286,42.1,62.7592592592593,0.668318898144226,0.646338290538065,0.651942124972663,0.58940361855509,0.631104408362872,0.60872394478702,0.645695111467954,0.663345708109089,0.649896061164465,0.671163656542905,0.579860061859483,0.60630699154305,0.585860433589593,0.348451092920309,0.610654801309077,0.614523620728169,0.5827865557135,0.681607866802317,0.537593180053872,0.620061422040698,0.613522154822664,0.626817260580293,0.59363609104852,0.5640788722997,0.550959025569109,0.550297447043408,0.812448225070878,0.616518768518835,0.623503981541084,0.628408513414751,7.83686924598911,6.57698816294059,-8.55406414044715,-5.87525721642651,-9.21274792916667,-8.83652239592593,-8.2375796125,-7.92428014285714,0.689881762373737,-0.555585166066176,-2.46921268367816,1.80133021818182,-0.88062,-0.294691029567901
"S10_1",100.094117647059,73.1147540983606,89.9427359490986,78.6666666666667,113.148148148148,57.2448979591837,61.1243781094527,42.7777777777778,54.6511627906977,0,0,0,50,0,0,0,0,0,0,0,0,65.2307692307692,46.7142857142857,66.9069767441861,52,40.1666666666667,0,116,0,88.9642857142857,0.626783641334874,0.677674418094477,0.614332851902488,0.557003213699321,0.63027690566477,0.631761469733398,0.63326593639999,0.49142268436472,0.64933080992149,0,0,0,0.952558508389867,0,0,0,0,0,0,0,0,0.630331659166365,0.597589203495061,0.578183480685852,0.777471272199959,0.564599986567496,0,0.669345488208053,0,0.579397784733303,5.32022734660127,5.51867945953704,-7.63666163880597,-6.83030306209302,0,-6.519072,0,0,0,-0.942077341025641,-1.20017174418605,1.18164415,3.27296916666667,6.33574078142857
"S10_2",87.7,72.4805194805195,83.6872246696035,149,95.8432708688245,71.6776315789474,71.0231729055258,53.7857142857143,49.8372093023256,66,65,42,48.7,72,80,0,0,0,0,0,55,64.2321428571429,66.5,67.1354166666667,55.8333333333333,60.2777777777778,49,42.2857142857143,52.25,75.9024390243902,0.677489515033348,0.710361692949288,0.639903959620502,0.774844136315595,0.647646382731743,0.624576221675025,0.635960646120622,0.60461122878524,0.631119661096286,0.751963401670617,0.540417413876424,0.567972867278531,0.553913132856171,0.709355411433768,0.613285987422707,0,0,0,0,0,0.722630940903375,0.608698602243681,0.665403107939661,0.642462943465492,0.591285334495261,0.605254056875941,0.654325682523332,0.653063239159833,0.726395012787838,0.615454093226465,1.68041595039585,1.83416514015809,-11.3602227878788,-8.46853177674419,-11.2669516666667,-9.47427861,-12.0194723333333,0,0,-5.66749732857143,-5.237776545625,-7.58025218518519,-3.9486966,-3.61291543609756
"S10_3",47.6470588235294,59.1666666666667,65.670045045045,117,80.2443181818182,46.5642023346304,51.020942408377,34.9230769230769,41.7941176470588,44,0,32.625,44.5,34,65.5,0,0,0,48.375,0,41.3953488372093,47.6785714285714,45.4873949579832,57.325,33.4705882352941,49.7333333333333,0,57.25,50.2142857142857,48.3333333333333,0.645887462211602,0.580510751446061,0.621082459477609,0.788057170539072,0.640898180195087,0.615974864619984,0.616408927941515,0.555656783115514,0.608483546864995,0.664088569861672,0,0.610938404767634,0.817561335337804,0.60005002127562,0.622467565171138,0,0,0,0.53707098101402,0,0.625006146615366,0.603335686695031,0.630084120991209,0.600284913875767,0.58605822761721,0.702236483719321,0,0.657303279151321,0.611981874559859,0.630622458239895,5.56209409906532,6.42630103465909,-5.48450007295811,-3.836216,0,-13.93255,-12.448499,0,0,-1.04631903392857,-2.4264430025,-4.62169505333333,5.66368175,4.68084211111111
"S11_1",91.8659217877095,29.5,85.3333333333333,107.172413793103,83.0431654676259,28.5227272727273,31.0725806451613,26.4885496183206,26.9090909090909,31.906976744186,27.5,24,44.25,33.7777777777778,62,33.5,0,62,33.6666666666667,0,25.225,42.0476190476191,27.2045454545455,43.1351351351351,31.5789473684211,44.9473684210526,29,0,25,22,0.700287359406317,0.641471457915422,0.687878589195739,0.69628013859695,0.745009573358,0.694014344211702,0.696007564803451,0.678460886816223,0.661084879169756,0.582599382809447,0.721035285600149,0.619988562062957,0.500609573888682,0.701097690615956,0.561193382076492,0.625027707139191,0,0.607201869976907,0.639950622878436,0,0.623806204860036,0.647867105325095,0.611573431407985,0.579268862705017,0.602650982454677,0.61727663307342,0.889960013186469,0,0.559988289507166,0.689860562364244,10.5328196995556,13.0200531582734,-8.77506303443548,-6.49201156818182,-14.66112225,-7.19540375,-12.62696,0,0,-3.17886384761905,0.861789703243243,6.44476375789474,0,-4.242716
"S11_2",111.666666666667,37.75,77.4864864864865,131.948453608247,114.166666666667,36.9256198347107,33.2620689655172,27.75390625,28.5483870967742,39.0391459074733,37.7692307692308,36.6962962962963,35.3076923076923,37.3409090909091,38.25,42.7587719298246,25,0,36.452,41,39.1388888888889,42.5652173913044,37.0838926174497,45.962962962963,30,28.8571428571429,11.3333333333333,56.6,34.4545454545455,69.5,0.663754016065714,0.719145181882128,0.650096516764439,0.663337580825063,0.707043162509852,0.625903451283107,0.6857646000051,0.646614377263353,0.645199404101875,0.591301414154519,0.62548438773896,0.598207528381003,0.654630345131767,0.556979449808868,0.648261648128193,0.583883821271677,0.271465825445326,0,0.582997346388672,0.494066895352375,0.56854627415549,0.666286555882971,0.632550316535495,0.650619694692494,0.570347464423836,0.752044190849963,0.656797281536936,0.66735014135612,0.622653901841449,0.56649851009861,9.84959457216216,12.2158114888889,-8.754005078,-12.8963557741935,-12.1792839230769,-11.5406462307692,-11.57162225,-12.39413,-5.7928335,-2.52651226086956,-8.67435796296296,-13.8109082857143,7.2851905,-1.84795371666667
"S11_3",96.4285714285714,58,82.1428571428571,102.325842696629,105.367647058824,60.8887915936953,57.2142857142857,56.420365535248,42.5454545454545,54.8298969072165,57.5789473684211,53.7489361702128,56.62,56.5714285714286,61.6315789473684,56.9375,63.4545454545455,67.6315789473684,52.460396039604,60.8775510204082,62.365671641791,66.5882352941177,59.6388888888889,60.0357142857143,57.1132075471698,62.5,58,63,44.6296296296296,60.2941176470588,0.666017732277997,0.519893563877561,0.664878624537888,0.663026348854202,0.652173853775232,0.615681943752982,0.626860195121929,0.612252733975234,0.660497671739322,0.591177036772695,0.605921311126463,0.600751938006705,0.630067611194604,0.615601636990002,0.583644619496888,0.613187772765558,0.630293670274717,0.661318698908012,0.584049343937586,0.625866023369862,0.618337649635244,0.632183734298824,0.615590017590242,0.600978356416488,0.654345173167612,0.655640589074514,0.554841698423378,0.66200104610997,0.522676461341759,0.631277982799091,10.9926898552124,12.0061830147059,-9.14155479357143,-9.48259509090909,-9.7875780877193,-9.184067568,-10.7202278421053,-14.0842193636364,-5.15931840408163,-3.00545165721569,-6.406303125,-7.68008691666667,5.33442823333333,3.41680270588235
"S12_1",125,52,88.2209944751381,0,108.714285714286,38.7066381156317,46.9308755760369,32.1871657754011,43.546218487395,37.5044247787611,39.1153846153846,36.5296167247387,46.6818181818182,33.1190476190476,41.4444444444444,37.6145404663923,38.0444444444444,0,36.22,39.3506493506493,40.2692307692308,40.0816326530612,37.7076923076923,40.7090909090909,30.1379310344828,31.4444444444444,38.3333333333333,44.6666666666667,36.6326530612245,61.8620689655172,0.423922038840432,0.766742366667713,0.630540188698193,0,0.610466961543895,0.610752713504294,0.639829699040406,0.607030775098505,0.666985053059796,0.573166195662187,0.517020238152326,0.550955441387991,0.599166456081874,0.608987472968633,0.657396749545006,0.570018360164237,0.588438944302759,0,0.563998616884689,0.572323507496448,0.604135716372706,0.610495407216062,0.6016139899084,0.626471527168038,0.590201427444107,0.535332472348649,0.560822833277097,0.71668398598599,0.657203821939871,0.651065210343591,7.34783299812155,8.40545246428571,-7.68399509631336,-8.05773883109244,-13.6892071423077,-10.6718794477273,-11.9704132222222,-13.1909824888889,-12.2322714350649,-9.82478795510204,-10.3565635290909,-10.5459113333333,-9.19527783333333,-3.01977382068966
"S12_2",86.2407407407407,54.6363636363636,96.602614379085,126.791666666667,123.15,50.7804232804233,59.5840978593272,42.0357142857143,48.7023809523809,35.3333333333333,20,43.5882352941176,57.4285714285714,64.5,0,14,0,0,38.4615384615385,91,48.8076923076923,52.906976744186,46.0434782608696,60.25,41.3025210084034,45,25.2,46.5,57.1052631578947,61.5652173913044,0.626902963401104,0.655261358816803,0.658937746947787,0.635216444560882,0.663248849493735,0.647152606799146,0.62749585629034,0.630782220077133,0.618044603458099,0.491378285133937,0.774815781914149,0.609515363930058,0.640435407834493,0.652094103333563,0,0.572703340244549,0,0,0.659489901280258,0.671977891793137,0.612832344059415,0.605207543808512,0.609272024064898,0.615342603892757,0.599795873165998,0.583685543818578,0.571203007894982,0.60229687640925,0.651494642120379,0.654941017965792,8.56394056033987,9.79544449,-6.38108413093272,-7.33593923333333,-2.609832,-9.60094307142857,0,0,0.138401675000001,-4.90952728372093,-4.59386177272727,-9.64094460714286,-1.32910075,-0.242130582608696
"S12_3",120.345794392523,54,104.150250417362,128.125,102.76,50.4373401534527,60.3857442348008,41.6551724137931,59.8636363636364,44.3333333333333,44.5,43.9782608695652,57.4615384615385,36.0909090909091,65.7142857142857,50.7931034482759,28,0,45.013698630137,44.6666666666667,42.4571428571429,54.2068965517241,41.2051282051282,58.4107142857143,37.5258620689655,45.9444444444444,37.4615384615385,64.5454545454545,40.6388888888889,80.8709677419355,0.659850870156071,0.726499834710916,0.658424912821537,0.788438392740654,0.652054089761724,0.630824838808904,0.631341316722716,0.596207104870446,0.634962915993457,0.6010094190308,0.602854429631428,0.582122785215219,0.628617178192019,0.497354399503672,0.572157317017053,0.621564555829375,0.19047619047619,0,0.619102469477295,0.513014349809705,0.577055534900637,0.628185610475886,0.58210492648668,0.587840265189599,0.587425614787839,0.584738120567563,0.540401143156202,0.66961546166695,0.553833491462829,0.643058756022101,8.53724153040067,10.02386812,-7.84980695805031,-7.78228845490909,-0.3995785,-7.84859176923077,-9.02633585714286,-9.864908,-7.19196677777778,-5.64436300689655,-4.98802691964286,-10.5955082277778,-3.73990561363636,4.49861354193548
"S13_1",125.465853658537,0,85.1456140350877,130.705882352941,112.338709677419,46.6666666666667,56.4384384384384,40.8265306122449,43.3947368421053,46.8923076923077,30.6,45.1818181818182,35,56.6363636363636,77,57.9230769230769,49.3333333333333,79.5,44.0666666666667,51.6666666666667,49.4090909090909,72.3333333333333,58.734693877551,48.5,60.3333333333333,32,38.6,38.3333333333333,50.1,41,0.656559707862942,0,0.657580977405176,0.652039949426458,0.630768450930428,0.647814588346989,0.659193031586182,0.656141098378765,0.67543817762016,0.625101011028346,0.611602450591594,0.641221377444466,0.64983821032831,0.649427672890622,0.584320995638455,0.686306642312853,0.722519422235608,0.66679671296526,0.559539724790197,0.593446682812104,0.653664341230839,0.651684584959238,0.709807655121893,0.634424283751734,0.543595633142223,0.469901086992049,0.590765617907381,0.475497606353565,0.657093294615338,0.718601126140116,10.2308056884386,10.9082380725806,-6.92966707735736,-10.7808651731579,-13.5998416,-10.5414602,-9.871006,-11.391187,-0.875120991666667,3.23960276693333,1.34346375,-6.837828,0.557058333333333,4.2701421
"S13_2",88.3111111111111,0,67.9082568807339,92.5454545454545,77.6506024096386,39.5560165975104,44.8872180451128,33.2745591939547,22.4705882352941,39.1666666666667,16.25,38.1677419354839,21.3333333333333,42.3404255319149,0,39.984375,28,76,37.9009900990099,37,39.1610738255034,41.925,35.0566037735849,40.0909090909091,37.6666666666667,17,30.3333333333333,65.25,16.6,58.8571428571429,0.66813332868754,0,0.672382611367813,0.691565397817242,0.652541614397053,0.631368276271262,0.631448814196576,0.664935201399782,0.617372078025634,0.598564678660105,0.666876700695733,0.589287695957362,0.513083487887506,0.606098939974041,0,0.599226524362883,0.493848905405385,0.806198538852791,0.599284218449696,0.580728773906735,0.636503445578394,0.601409494578776,0.612573437807738,0.548887827543304,0.578402976655299,0.625943231252129,0.589307839668585,0.627336879548306,0.614917077156192,0.670313192587713,11.3643315743119,10.3654147686747,-5.21990909899248,-10.1842722235294,-13.29899625,-15.842755,0,-19.95686,-4.75518215555556,-0.6080625425,-3.20421857272727,-0.4705882,4.636688825,3.12627442857143
"S13_3",106.656488549618,49.5,79.6422101449275,83,91.104347826087,62.1974789915966,59.2329113924051,52.4454545454545,52.9739130434783,56.6896551724138,49.5833333333333,57.6666666666667,44.8571428571429,57.92,55.8333333333333,59,54,85.5454545454545,62.25,66.3636363636364,62.1122448979592,64.4322580645161,54.8260869565217,44.35,39,60,0,54.5,51.7,59.7619047619048,0.609823981828174,0.567119276671072,0.620916204638523,0.677608002841922,0.618633050152587,0.650269530142753,0.648505220537682,0.668060043226456,0.65781582039975,0.630625193492296,0.644669681275265,0.604622465417739,0.597457433729529,0.588382015004068,0.671352311914243,0.734050625828901,0.765186740910411,0.629499849004281,0.651372772818855,0.662662093093874,0.650247370856534,0.626811686101145,0.606361234799373,0.558718676185259,0.438890485872559,0.622510035845065,0,0.817865472839804,0.599662740722723,0.630489802248446,9.17043293213315,8.55325026695652,-7.62566102918987,-7.78294804630435,-11.20243225,-12.0566934285714,-12.9991463333333,-18.22913,0.422798509480519,-0.164506896193548,-3.09427066,6.5252164,9.7543634,-2.39106250857143
"S14_1",83.8277654046028,72,81.2212529738303,136.428571428571,136.8,73.5651041666667,65.4835164835165,68.225,59.16,0,86,66.5,48,37,79,0,80,0,50.4,105,0,60,46.5,62.7692307692308,0,67,0,79,0,63.5714285714286,0.655349501352339,0.685118224108384,0.65121598853754,0.673713765787871,0.587417443403184,0.736669445692932,0.703051094465519,0.704728702995974,0.646451433554435,0,0.597440924387817,0.868030985353762,0.681393605573699,0.274541749125768,0.735731902572026,0,0.861169874124272,0,0.504605282695812,0.654814421179341,0,0.593551210768334,0.744494397189556,0.661190287372498,0,0.768109857352526,0,0.668959468758546,0,0.569092042389342,10.9922871812847,11.2810186,-7.9293554428022,-3.718958096,1.862839,-7.721019,-7.649564,-6.985509,-8.351289,12.6522978571429,4.21499525384615,-16.60879,10.61050975,12.460967
"S14_2",96.150289017341,107,106.811510791367,115.596774193548,107.444444444444,58.6292682926829,61.512676056338,52.3898305084746,59.3099415204678,45.84,63,55.4666666666667,65.25,75,73,40,0,0,56.625,0,58.6551724137931,74.78125,56.6913580246914,62.04,52.3590909090909,53.9452054794521,35,55,61.0909090909091,79.6428571428571,0.647341802537328,0.573491356596469,0.642953439292863,0.654704429851334,0.643471627766906,0.649096830808349,0.655929091998269,0.660543967928213,0.619444129091675,0.614345464251202,0.61598621550972,0.601906176125841,0.597606695451575,0.581639716850041,0.744345041662987,0.745538961489107,0,0,0.637673433014793,0,0.64749909983518,0.637978087650011,0.61337394017779,0.61142373383229,0.615752078534517,0.623991633598993,0.503111294831146,0.68920632963914,0.566849809534759,0.67113435288332,9.48420073139568,11.1950560962963,-8.91477620064789,-9.15708698888889,-14.4322323333333,-7.4207715,-7.517968,0,0,-8.776223315625,-8.57806232,-6.89541542465753,-0.5536275,5.66485792857143
"S14_3",74.6071428571429,75.7317073170732,89.9042735042735,0,77.7692307692308,71.2272727272727,70.7461538461538,70.5576923076923,68.359375,0,0,0,57,0,11,0,0,0,0,84,0,77,69.8181818181818,80.5,56.9166666666667,59,83.5,92.6666666666667,63.6666666666667,76.7272727272727,0.665830791464556,0.644222900964592,0.657218307675053,0,0.650949649588372,0.634708500398707,0.623148031849096,0.635174165590362,0.650494324907908,0,0,0,0.667036085168697,0,0.802996613969133,0,0,0,0,0.692188913502299,0,0.613249244975593,0.651075248958544,0.64192733782551,0.650195197076363,0.658250781400104,0.522932786916906,0.62263329676596,0.718079253007558,0.709165448905267,4.88281707652308,5.77195595,-8.13553970292308,-8.5016411828125,0,-7.459137,-3.272727,0,-5.97284713333333,2.81036183333333,-4.5846757,-1.53767326666667,-2.45981104444444,-2.02207789090909
"S15_1",148.509473684211,67.75,133.745864661654,177.8,168.92899408284,106.159420289855,102.328467153285,81.25,90.6269841269841,32,50,0,95,103,0,0,95,84.6666666666667,97,76.95,61.2222222222222,75.3953488372093,30,50,0,64.6666666666667,0,67,0,64.6153846153846,0.608780545629074,0.680220055626531,0.614262306515159,0.607112887781548,0.611370658062747,0.676535531997913,0.659488825966666,0.598602930105096,0.641433170151814,0.509500955184528,0.690393634352043,0,0.747967361873737,0.742206250765752,0,0,0.599078859794857,0.537560934112006,0.722067038050313,0.566565161455504,0.654576834679085,0.680616162341337,0.454147553114624,0.74921375217251,0,0.713369087419994,0,0.622236199242377,0,0.562546441733168,10.1106720207068,10.6275686449704,-10.7889045175182,-6.00277398594048,-12.24884,-12.97025,0,-12.2874205,-0.9714825275,-2.49197894883721,-4.29589925,-7.258142,-4.509826,-0.432319269230769
"S15_2",123.522598870056,85.6,105.997903563941,119.727272727273,115.78,66.6,74,62.125,66.9182389937107,46,67.4285714285714,50,73.1578947368421,52.25,75.2352941176471,0,61.25,70.1578947368421,46,88.5121951219512,68.8,64.9041095890411,28,59.35,0,56.5,61,81.6,31,73.5777777777778,0.613970982316627,0.742876798546055,0.632300344787731,0.596567879900123,0.618470580956112,0.686894445767184,0.662327260201975,0.651944048712534,0.659354076495654,0.614258975579843,0.569161252208283,0.681557772984091,0.640732722300534,0.533496131349796,0.633091365273305,0,0.58581464128897,0.679101822322185,0.499437302258503,0.608951982560693,0.705823582887675,0.629765721207873,0.7801177265185,0.621286323104171,0,0.721999126234925,0.61430470501819,0.582385737199253,0.452468278901946,0.614381735158862,9.77693070336478,8.98677392666667,-7.99927170244898,-6.48111697786164,-6.84909521428571,-9.32041410526316,-9.22826270588235,-4.218511625,0.251511253658537,-4.14723779993151,-7.046538825,-5.2441115,2.35665242,-3.10520289666667
"S15_3",138.079646017699,0,115.360450563204,132.659090909091,136.309734513274,75.5969387755102,85.9931818181818,60.2954545454545,80.6363636363636,0,68.375,49.2,81.2222222222222,58.2,67,44,120,81,65.75,80.1818181818182,65.7,79.7368421052632,56.8333333333333,69.258064516129,63.6153846153846,68.5555555555556,15,0,77.6666666666667,77.2,0.629648835838025,0,0.629532964705278,0.627959668935889,0.638319540145464,0.644983454042196,0.634814734877944,0.615741430109923,0.647707308399993,0,0.611076492087419,0.695721110206818,0.7135910056631,0.56815512062293,0.7037319623519,0.675719531772587,0.828632303815488,0.609146407872507,0.509531158016698,0.600996221950737,0.614030191364951,0.630927495728861,0.673017874862445,0.659554769075284,0.615948627073967,0.597405441324885,0.476095228569523,0,0.631066202847878,0.627298861483017,9.67634921898623,11.0541347946903,-8.54296340568182,-5.86521404102273,-8.08724825,-9.35081666666667,-7.4372115,-3.161314,-5.54202618181818,-5.87023822350877,-6.70681200645161,-8.10604311111111,0,-3.46142256925
"S16_1",0,113,85.1,0,87.6,70.1321003963012,64.1304347826087,60.3091872791519,53.1333333333333,52.2075471698113,51,57.8955223880597,55.2,51.5909090909091,30,66.3846153846154,20,0,57.0196078431373,50,58.2592592592593,55.2222222222222,61.2676056338028,49.8888888888889,99,25,87,90,58.8666666666667,0,0,0.61768498728452,0.641231547627362,0,0.628664517313927,0.646288096714391,0.617266740157636,0.641277943998028,0.59301546259028,0.595998756312371,0.656588614162255,0.588881258336644,0.614404502136471,0.611687197601048,0.405416011038403,0.657257655877349,0.732606908265401,0,0.600425991166218,0.572423079964478,0.647343699109065,0.623849948660634,0.644707637122135,0.597679507270533,0.569180466897874,0.541757377506972,0.675587182077571,0.667063035807543,0.570577511889452,0,10.7508095,8.6095262,-7.76799593043478,-10.1289611,-7.130284,-12.1434941,-6.0448355,-9.943966,-12.88717735,-11.0725980333333,-6.31013922222222,-8.288034,-3.74644,0
"S16_2",90.9476813317479,65,83.9438877755511,58.7777777777778,94.6470588235294,59.2608695652174,57.3571428571429,50.787037037037,56.4242424242424,50.1621621621622,47,54.6451612903226,52.90625,51,68.125,70,54,79.8,49.537037037037,47.0476190476191,59.8666666666667,61.7619047619048,58.8292682926829,52.3333333333333,49.7142857142857,56.1428571428571,27.25,39,53.1111111111111,65.3125,0.614638407198774,0.828491473475045,0.623767122505961,0.594752683894312,0.63814694866341,0.621472151178328,0.647937398195088,0.658742825044264,0.697198099416191,0.617292655562339,0.618794133030555,0.632010255211493,0.59985098650156,0.685002201417696,0.749002570155417,0.675546480984627,0.758011001778765,0.686675650583651,0.582281057325339,0.659184436239922,0.678977145263186,0.66347276056252,0.635663064529977,0.636208080275473,0.648455679216009,0.638056720170623,0.553665667564071,0.726668815493934,0.616097390020097,0.591958892491554,10.6114383817635,10.0090692941176,-11.5889320222222,-8.13736257272727,-11.6090898666667,-11.61626990625,-8.924019375,-16.08629,-11.946525952381,-8.42094451428571,-9.83949147619048,-9.63217314285714,-4.540156,4.50467658125
"S16_3",102.912547528517,85,88.5129924559933,156,66.6153846153846,66.1944444444444,64.54,69.3617021276596,67.9139465875371,61.5925925925926,59.2666666666667,63.8387096774194,73.75,53.75,57,59.2222222222222,56.6363636363636,0,58.1666666666667,75.4,58,63.4666666666667,73.1,64.6,39.625,55.4666666666667,103.333333333333,79.9411764705882,68,69.9642857142857,0.631557641450927,0.808819138038021,0.641730747258395,0.735310823193741,0.662295145673913,0.600218430253191,0.607657735112739,0.678954262001055,0.648403926814591,0.613597061497934,0.589619161707784,0.614301717810758,0.671272546611543,0.624958829902776,0.533497964213262,0.549337645832866,0.654849534575925,0,0.677747922039132,0.620294158415348,0.734797598389148,0.62406689918575,0.660641856030882,0.604115175973677,0.666095525636259,0.628462619186082,0.386299795580444,0.644758025234997,0.631560391224021,0.675743749376031,9.38893044757754,8.14355323076923,-10.289891169,-7.23094398299703,-9.02638827333333,-9.8596508,-11.0335475,-13.1307330909091,-3.0531708,-3.115376353,-2.38888706,-5.64775713333333,-0.353290170588235,-0.266408042857143
"S17_1",87.2526315789474,12,69.5463414634146,83.5,79.7428571428571,42.8987341772152,56.2,34.8021052631579,49.7380952380952,41.8051948051948,45,39.4742268041237,46.3333333333333,56.2666666666667,37,47.4754098360656,60,70,44.3036093418259,56.0181818181818,43.7649769585253,61.9897959183673,41.5899581589958,48.24,38.2857142857143,61.7272727272727,46.3513513513514,50.3,43.5098039215686,47.6666666666667,0.633953959030047,0.607298811647182,0.626707484865806,0.592530990117887,0.630130083692859,0.619112925672399,0.627019783528061,0.625212831570174,0.604221035233951,0.585733138550409,0.67651423818047,0.590506298826757,0.587190870494445,0.603402397022345,0.645429107164429,0.593314089011379,0.701975087800841,0.597901826555036,0.590275972638436,0.54042982969274,0.599710949595676,0.62247296749404,0.599599943947458,0.561556865125155,0.612291039917615,0.624864233691979,0.583942391990755,0.525557871585902,0.60491728870327,0.578300043435922,11.5084496634146,10.7028540857143,-12.16756909,-10.5029205452381,-0.00352549999999996,-8.8171235,-3.948019,-16.64966,-2.320416254,-2.2073818877551,-8.382388796,1.40999792727273,-4.866226938,-3.17571631111111
"S17_2",81.0829420970266,93.5,77.269588313413,99.3107142857143,97.5496453900709,56.9873417721519,66.996996996997,51.3766233766234,57.9123711340206,55.8125,65.4193548387097,52.8378378378378,50.0576923076923,55.1666666666667,69.5625,36,57.5,76.6122448979592,52.0425531914894,61.3164556962025,48.6571428571429,62.1307692307692,52.0243902439024,52.7888888888889,46.4545454545455,42.9375,55.5,46.5,49.4,59.3445378151261,0.583731081218514,0.470641329735025,0.60123289905343,0.604511665855881,0.599496753733509,0.630097715282869,0.621945216850802,0.6354828442259,0.618152973550653,0.664187009725815,0.59785249560684,0.617120046732501,0.578629277360364,0.645040009030058,0.556538597149499,0.609156579657081,0.622074565456405,0.623814845041897,0.626588203239759,0.590674249182061,0.593950725670442,0.612892726606499,0.63279847750617,0.585922691074368,0.650162868771114,0.609054958489249,0.742452155135005,0.60181068530274,0.648729029109526,0.63871062209585,10.7092692381687,10.7670786859929,-8.71878530111111,-8.61664546030928,-9.16945058064516,-8.23197055384615,-11.038367,-14.821795,-4.10345861417722,-5.02325532053846,-3.85111501111111,-10.89051570625,-2.6113415,-3.94019518983193
"S17_3",85.7726692209451,0,73.7797356828194,92.7692307692308,86.9868421052632,48.5820105820106,63.5180722891566,38.4197530864198,53.625,45.8139534883721,53.390243902439,44.8775510204082,53.3684210526316,40.4848484848485,61.8571428571429,42.1860465116279,50,67.152,44.6711409395973,59.6103896103896,43.4393939393939,56.6446280991736,41.4230769230769,57.2058823529412,34.625,41,32.5,64.2,42.1,58.4868421052632,0.638409791210215,0,0.605441309688024,0.622421152201631,0.645780164726333,0.670584901490328,0.626165313939888,0.688612416899134,0.610090511511182,0.615469099323442,0.610309472948142,0.594850253420782,0.574554705118535,0.615118565840742,0.576106996163092,0.63308471452346,0.61524973086529,0.612095619827707,0.613817263468175,0.597466279280403,0.651690423370766,0.594051251514601,0.67856233582974,0.646837073342944,0.734749120985554,0.600347787224521,0.660001139656432,0.512128467580658,0.661114926275183,0.596655871122684,11.242650546696,12.1773612587719,-10.5813019759036,-8.39718192375,-10.213485097561,-11.0571282171053,-8.990355325,-12.1353033333333,-3.27303345649351,-4.22805842793388,-6.32159032941177,-7.6354148,-3.5929928,-2.98780436578947
"S18_1",142.707692307692,0,99.8046875,126.059701492537,122.584745762712,54.8313725490196,71.5948275862069,51.8186813186813,68.7258064516129,52.35,58.8,44.6621621621622,62.9166666666667,49.7222222222222,69.75,49.3333333333333,53,96.2,55.8,66.2307692307692,51.2333333333333,62.2777777777778,60.2619047619048,78.45,40.6315789473684,41,0,46,51.037037037037,63.6,0.684707701981543,0,0.684099713064723,0.695833538082693,0.68729746077174,0.645007090776687,0.655748504019158,0.68003861347217,0.66979459706855,0.585268045128935,0.632458489083683,0.592022130172986,0.648510437928027,0.644838921808482,0.624111488486202,0.649480263152154,0.365410640371167,0.560823711097564,0.613036250456391,0.578453553488888,0.608033577302333,0.59540843873533,0.661015598569369,0.583624194299763,0.592976196228417,0.61384153881152,0,0.704030504079247,0.571914596375053,0.575194969192995,11.416781921875,11.4981790254237,-11.6370844310345,-9.21617656451613,-10.0219734,-11.4839330833333,-10.0701040416667,-14.83534,-5.0173111,-6.69081513055556,-4.47108807,-6.22133966666667,-6.2099595,-5.382174316
"S18_2",133.431328036322,0,86.4945054945055,121.766666666667,112.464480874317,64.0909090909091,63.311377245509,62.0909090909091,56.75,28,48.7142857142857,44.25,55.5,69.3333333333333,55.1818181818182,0,32,72.7391304347826,48,59.1842105263158,23,64.1395348837209,0,51.95,20,53.8809523809524,0,91,38.6666666666667,59.6578947368421,0.64312518707788,0,0.655915601132505,0.672635563839467,0.687810562807181,0.622497963005693,0.622203006364596,0.624227507786997,0.66177512296045,0.621963571357626,0.611752190069242,0.560684627406245,0.634153769053709,0.602505404909512,0.565392730438195,0,0.58834909970411,0.579204215910717,0.712701795877447,0.62946979152443,0.128697890417557,0.661965559828186,0,0.587446900507796,0.775256865513561,0.598677003715525,0,0.579763678587853,0.34364972240244,0.633118717172581,10.5185924139927,11.108680863388,-9.14060313113773,-10.1594158902778,-9.305467,-10.0522171538462,-12.3803706363636,-3.254413,1.29801701052632,1.40805569302326,-1.07111945,4.18363601666667,7.360727,1.02289306578947
"S18_3",139.993103448276,0,97.422131147541,104.785714285714,127.269841269841,63.3179487179487,70.9294871794872,62.1224489795918,62.2203389830508,51.7058823529412,85.1666666666667,58.4883720930233,47.7647058823529,61.7826086956522,63.3333333333333,69.5,72.5,86.5,66.7272727272727,67.8205128205128,78.3333333333333,67.0357142857143,47,53.3333333333333,64.5,49.6129032258064,0,83,39.6666666666667,80.5,0.676085518015883,0,0.68433311695087,0.700505456961687,0.689311047159778,0.622193104219834,0.641048985558778,0.67159697609302,0.630848959332374,0.609438046497431,0.589388495680791,0.614337268917952,0.559213206170329,0.597300675272973,0.615436756167916,0.768117782965174,0.466127409628747,0.639110107575716,0.62311260864038,0.552615249386897,0.669975769129965,0.553400694979173,0.686119970383596,0.562474435678643,0.733317264539175,0.594461281279847,0,0.550913351928415,0.618356005381544,0.593877858449827,11.8838464934426,11.4771754285714,-9.29001376410256,-9.68099803352542,-10.60020368,-10.15937924,-11.4270158333333,-3.1201155,-6.80542015384615,-4.30830443214286,-5.50571293333333,9.52506059354839,1.27370562,-1.84148905875
"S19_1",118.721176470588,0,73.569014084507,110.955555555556,85.6149425287356,63.3186813186813,66.0277777777778,57.4054054054054,55.2,69.1754385964912,64.6111111111111,61.6849315068493,62.1014492753623,63.6315789473684,73.9523809523809,59.7777777777778,61.8139534883721,79.25,60.9767441860465,63.5130434782609,57.35,67.6754385964912,50.1481481481481,69.2,0,43.3333333333333,55,65.2307692307692,73.1666666666667,68.2083333333333,0.596110566134288,0,0.628110419475517,0.62013236806073,0.678429591818256,0.6032218085762,0.613491268946611,0.687456695362424,0.635372048937715,0.572915979975712,0.589959327284686,0.595302307507701,0.590124700648861,0.602228963170324,0.608895076059545,0.617319504861343,0.687057733799481,0.617854594399899,0.587275943537735,0.609269087455676,0.540940526624394,0.636400384803717,0.595058541504981,0.630221796688971,0,0.622001377170559,0.620925662547286,0.583024950791945,0.656573293247603,0.625435542220533,10.4483656794366,10.213618233908,-10.4091184930556,-9.155537836,-11.5536236388889,-10.9048081449275,-9.50597718571429,-12.4092698604651,1.40320427217391,1.43995976140351,-4.04952292333333,-2.03844466666667,-2.47805537346154,3.18679790416667
"S19_2",121.656205420827,0,75.816,111.540983606557,88.0168067226891,66.3194444444444,64.7889908256881,68.9453125,68.0606060606061,67.1632653061225,64.8846153846154,64,60.6111111111111,60.65,58.125,59.7,47.375,83.3384615384615,62.4518072289157,70.5704225352113,47,74.9166666666667,59.2894736842105,56.5714285714286,48.2142857142857,45.5,42.3333333333333,88.8,57.6666666666667,62.4,0.600041849283545,0,0.608145211051549,0.626365088258075,0.639220188593361,0.599637976899421,0.586357456627663,0.622233239134678,0.601489490245538,0.614866966244174,0.691157247609678,0.600053049236095,0.601572008414141,0.644046144130094,0.638349990060779,0.583386789170991,0.638159222430073,0.581760040572825,0.596635005803438,0.62143925742392,0.572167686572914,0.666044517441086,0.592957739677103,0.574859939946594,0.562637000749377,0.619223542840308,0.659062207254338,0.60152272942988,0.744569725249949,0.545986346302808,10.0109589192,11.1555935462185,-9.87152827529358,-9.88261016,-9.39279860769231,-9.60478301481482,-8.44572660625,-6.351404,-1.45955423450704,1.24501711666667,-5.32072165714286,-8.1079038,2.3899466,3.30354739666667
"S19_3",66.571052631579,0,67.6940298507463,62.5,41.5,64.6570458404075,58.4285714285714,61.5069444444444,0,55.9897540983607,59.8181818181818,52.1241050119332,52.8181818181818,55.3947368421053,73.5,55.8489466606903,59.038961038961,59.7391304347826,55.9950149551346,64.5081967213115,59.5873605947955,63.9189189189189,58.6962025316456,67,51.8550724637681,54.3207547169811,66,47,54.2777777777778,48,0.620016548188,0,0.656489955497853,0.439496154696406,0.623927276157225,0.595593107998968,0.594117594130683,0.615596753231384,0,0.601548030193561,0.612534364539595,0.583456792158734,0.621534179150394,0.624066262812171,0.736256483285073,0.599778895055437,0.622326964249587,0.59193585168555,0.599717888032797,0.61721045219796,0.609547808326412,0.610086288187873,0.606634964969847,0.697776738984807,0.630059186211583,0.608445190253194,0.855690964137474,0.55349480129104,0.601327271865591,0.573426826660929,11.6121697668657,5.93288433333333,-7.21891032380952,0,-8.49848527272727,-7.92168345454545,-10.813543,-12.0578621233766,-5.68002433114754,-3.75963355459459,-6.557385,5.62975819811321,-10.2262235,1.08356380888889
"S20_1",81.5841584158416,0,77.7669172932331,0,90.9473684210526,58.814612868048,62.7889908256881,54.5573979591837,55.56,57.12,77.6666666666667,52.1794871794872,58.3333333333333,68.4117647058823,0,53.6428571428571,0,0,52.2314814814815,32,56.2628865979381,58.6,50.679012345679,59.9375,53.0265486725664,68.5,58.9705882352941,79.3333333333333,65.3333333333333,68,0.672207238258499,0,0.648845442783734,0,0.66337191460011,0.613654617880482,0.634744211104414,0.636737183203991,0.591014408233821,0.577608119252574,0.541694725214603,0.575227846109875,0.549354711762377,0.604305487102491,0,0.559702507675535,0,0,0.572191475929193,0.337219630797931,0.584743614171017,0.624306635751954,0.581401903981605,0.640229240577856,0.600604630822196,0.545647056856952,0.583218051862204,0.650557874689816,0.587976838322079,0.608042503658942,9.16393250075188,7.07856482631579,-8.79702014954128,-7.816107135,-0.807002333333333,-11.3716511666667,0,0,-11.631775,-7.97458274,-6.20106170625,-11.18292775,-7.36078166666667,0.0190883333333332
"S20_2",108.327169274538,88.4166666666667,98.7440758293839,128.845070422535,119.628571428571,63.0423529411765,68.8271604938272,61.078431372549,63.4597701149425,66.5975609756098,58.5555555555556,60.7913043478261,62.9090909090909,63.8684210526316,85.1,65.4615384615385,41.6666666666667,86.3333333333333,60.695652173913,61.9473684210526,66.4065934065934,75.5454545454545,51.2112676056338,32.5555555555556,52.0588235294118,65.4,53.0714285714286,93,53.0333333333333,73.7647058823529,0.647562317816633,0.652269845028695,0.642385225491973,0.653225740544505,0.67876100305169,0.609110588852222,0.647424302700961,0.651512676414668,0.644925874438488,0.59771238684878,0.667173750421416,0.575462424883025,0.557744020070227,0.597952607538236,0.620589952913395,0.582579626819688,0.699575388078589,0.746440632994401,0.568676971029485,0.559863435150772,0.623842586728469,0.562367995122319,0.613760480408702,0.540894213472737,0.585103744547756,0.662644311870664,0.53244687184656,0.652015351300325,0.60939913611829,0.671804098122325,10.3264984169668,9.53922991428571,-6.78081813950617,-9.84934425287356,-12.1359352222222,-6.79633477272727,-7.4007151,-12.3402393333333,-10.3784447,-5.24671995,-7.89144065555556,-14.049554,-4.86123416666667,-3.94975615529412
"S21_1",113.573934837093,24,103.731617647059,99.2777777777778,116.225806451613,59.2054794520548,81.21875,48.6021505376344,47.3529411764706,51.2,61.3333333333333,51.7215189873418,51.6451612903226,46.6,78.3076923076923,50.5,51,96.1924050632911,52.6277372262774,78.5481335952849,51.5,93.4663677130045,49.7017543859649,79.2444444444444,0,35,35,77.8,63.8333333333333,73.2285714285714,0.61738622516779,0.584986617585374,0.625556545659317,0.655126095444632,0.635958070972036,0.671747463989693,0.674998056300145,0.676054030068777,0.581944992506018,0.626192202035945,0.601227024286835,0.625483171094809,0.606120868635093,0.593874625326278,0.682530249577018,0.645556662757681,0.659482145102992,0.630115519021892,0.614908494806595,0.613931306182551,0.628811272498313,0.631475071105192,0.594293713353272,0.669051876587231,0,0.509052723846683,0.805290203274081,0.626278284151514,0.685654750860252,0.637821032815491,12.6649033077206,9.62108920322581,-7.14102318296875,-7.35185822941176,-8.82300641666667,-10.026132483871,-9.46858338461539,-12.0547205,5.71678210892927,2.12518632847534,2.24172563333333,8.248959,-7.05747692,-0.787301982857143
"S21_2",96.2077114427861,60,93.4875,87.5882352941177,98.3009708737864,53.575,65.1951219512195,53.219512195122,68.8222222222222,51.3243243243243,54.3333333333333,49.5955056179775,52.5454545454545,53.6451612903226,55.1764705882353,55.9545454545455,45.3333333333333,78.7835497835498,48.7857142857143,70.705035971223,55.2972972972973,72.56,46.1612903225806,74.2285714285714,53,74.9375,45,62.5,43.4,76.4166666666667,0.651411574785796,0.891898400564938,0.664767048948804,0.688180295596028,0.666769611430092,0.758767443931883,0.667848251329628,0.721014916403359,0.686807790342356,0.689263598460934,0.537442371405968,0.709829593011928,0.664583574373307,0.748858558811441,0.663445783897653,0.653345861972297,0.560929202991896,0.631060577164279,0.701992825822409,0.64183392884663,0.648303556050303,0.646218728376185,0.641654320290141,0.634474738338504,0.68562877018269,0.638343411227993,0.701003537970331,0.667381341162814,0.608003369947988,0.630647568737455,11.2389585779167,9.35850404854369,-4.2507987304878,-6.21154075333333,-9.177424,-9.42162946666667,-9.15829811764706,-13.837548,5.49067330917266,2.91840087466667,3.81296518571429,2.95158344375,7.653711,3.20143231888333
"S21_3",84.2083333333333,101,83.0352941176471,92.3571428571429,107.617142857143,45.774378585086,59.6,36.4045454545455,52.1904761904762,45.3475935828877,51.8510638297872,43.6950549450549,47.8416666666667,43.91,57.65625,41.5882352941176,47.875,76,41.8205574912892,55.655737704918,39.4757281553398,56.8194444444444,39.8108108108108,51.6238532110092,33.67,43.0476190476191,26.4,47.3333333333333,36.9574468085106,53.6315789473684,0.600552484094357,0.695119449005419,0.629914960023991,0.650740329745278,0.648013393367627,0.663992082589053,0.605895293392976,0.703086461788279,0.637530976893788,0.631566477145565,0.609727391064322,0.609263045166681,0.572326902348089,0.629630387913711,0.618086700211328,0.63052964292517,0.667872341359673,0.573576892357193,0.624144088162313,0.614880221306711,0.627892895844365,0.586374790119566,0.6510767571819,0.575784134847613,0.592081753037114,0.617088829125936,0.600269606635866,0.599054955053865,0.613930409949913,0.627234174214836,9.65306010941176,9.95380205142857,-10.2255900082353,-6.47878360952381,-10.076351893617,-10.3706129626667,-9.757306515625,-10.306598375,-3.33776792786885,-2.91560015486111,-4.62523687055046,-5.46629287619048,-5.02689913333333,-0.36200977
"S22_1",151.17439703154,0,125.387019230769,166.186440677966,174.214285714286,60.3309352517986,77.0595744680851,43.3537414965986,56.1739130434783,50.1515151515151,63.2307692307692,50.2708333333333,70.3333333333333,50.6,66.8333333333333,36.1818181818182,0,0,46.5714285714286,50.6666666666667,54.3493975903614,68.5633802816901,51.8048780487805,61.0243902439024,41.3478260869565,66.1875,49.8571428571429,58.6470588235294,54.1578947368421,72.3023255813954,0.645694846570922,0,0.656235568136262,0.656016008311462,0.657860267377314,0.656748782142287,0.648960978055832,0.679912798500701,0.651456023877035,0.63350061721928,0.623158088505534,0.591783229358416,0.611698944671556,0.405194608156555,0.687346212906489,0.599116932258509,0,0,0.560950327740091,0.63694937223101,0.607133257259032,0.643901480181385,0.654623837966611,0.616180121165305,0.647089323077213,0.667891261245604,0.689616187651013,0.599441672979687,0.668369986899944,0.612066557216359,9.91205242283654,11.7255759642857,-9.85826517493192,-8.0372715173913,-12.8746546153846,-10.8086631666667,-9.19818616666667,0,-14.7422266666667,-8.34539379295775,-3.67782827317073,-6.84927787291667,-2.22828382352941,-5.62475035772093
"S22_2",150.668693009119,34.5,102.315359477124,113.285714285714,119,67.1521739130435,71.1769911504425,58.0909090909091,50.7692307692308,11,73.75,62,63.5,0,75,0,0,0,0,57.75,51,66.054054054054,53,64.6923076923077,0,78.5,0,94.1666666666667,34,71.9333333333333,0.677825454244906,0.43502574873629,0.66542305228369,0.669610133191639,0.645981447770782,0.672847564651116,0.671892822874792,0.670133720447934,0.671744035986602,0.708443752635162,0.748462565928671,0.64864226168489,0.722533519951034,0,0.801856268390477,0,0,0,0,0.468731797676081,0.469894462250294,0.623689977462105,0.636650655472583,0.626852776763187,0,0.753704928518364,0,0.703131166975267,0.612124317097261,0.61663269102972,9.05886329211111,10.3254142914286,-9.87781269438053,-7.53820062,-12.66847375,-9.9874025,-8.8646395,0,5.20738425,-7.31076532432432,-4.01581315384615,-4.7075145,0.0765496666666666,-4.20663435333333
"S22_3",93.158221302999,15,75.5319767441861,101.975609756098,86.9156626506024,42.7921146953405,45.9525862068966,29.970695970696,39.1375661375661,40.7462686567164,41.2,38.4672897196262,40.6111111111111,31.8333333333333,55,38.0588235294118,36,44,40.4143835616438,44.7155963302752,41.25,50.5833333333333,40.8620689655172,44.9666666666667,36,34,49.1666666666667,50.0833333333333,32.2307692307692,51.1052631578947,0.628223927649407,0.736116619360528,0.653350230622286,0.603337781876523,0.680658705673418,0.668607671472448,0.615645708489713,0.671809949149917,0.614063076056967,0.56110633418026,0.519106021693297,0.571022489115654,0.583426317190493,0.556220567277478,0.463099489933131,0.621956221988212,0.488989514474121,0.571048180063389,0.594067185710335,0.585469820863815,0.59228768167614,0.603498362802883,0.58362979123565,0.565061620758916,0.666699371423509,0.757263828968847,0.617692403620667,0.650229884276003,0.613759769580666,0.639851221784475,10.4968040766424,12.4120719879518,-6.68865264797414,-8.28660033703704,-10.1751448,-9.34558582777778,-8.34846075,-17.2333,-7.11852070642202,-3.31226025277778,-3.76990843,-3.478308,1.68501573333333,1.02411097894737
"S23_1",109.551128818061,0,96.7570850202429,130.324873096447,122.307692307692,62.2268656716418,77.7333333333333,50.5722891566265,62.2564102564103,55.1990740740741,62.4166666666667,53.0753138075314,57.375,45.9148936170213,60.2857142857143,51.2592592592593,85,81.2769230769231,53.5070422535211,67.3076923076923,51.3333333333333,66.1807228915663,53.7464114832536,66.3658536585366,53.3846153846154,59.3333333333333,52.3404255319149,71.5890410958904,54.9464285714286,74.7166666666667,0.661185593339704,0,0.630830465729589,0.688656865476904,0.674022082442567,0.610339187875983,0.644481965945699,0.612030453163179,0.586720285358554,0.595396791051258,0.635293931748186,0.594045396035748,0.63502125728903,0.601986928280246,0.570944968566643,0.587890827008172,0.58071396316972,0.62502203203942,0.598982124097462,0.628419081965279,0.597824015723195,0.627860590828865,0.620594125218392,0.654454609695379,0.599817225968069,0.625775551152326,0.60369675508113,0.612623539626463,0.610809118481307,0.622896801868565,10.9690013076923,12.4707558846154,-7.37796507583333,-10.2834573174359,-11.4142760833333,-12.93989525,-15.5683414285714,-12.0923075,-4.12951745692308,0.83988042686747,-1.44000818536585,-4.48807799166667,-0.499125495890411,1.600744665
"S23_2",89.0357142857143,17,86.8474576271186,106.129568106312,100.271604938272,58.0765306122449,77.962962962963,40.7721518987342,66,51.6753623188406,72.9090909090909,49.2043010752688,76,57.1602209944751,76.8260869565217,41.1428571428571,0,84.6545454545455,46.3047619047619,82.6875,51.55,78.8,50.9638554216867,77.5128205128205,44.3260869565217,0,0,78,46.8,87.25,0.613644658257364,0.483977514182461,0.613437799585247,0.631768364631769,0.61676992860475,0.653625667051635,0.698362488268264,0.66788250393518,0.61439229194066,0.605478471989686,0.626260460624629,0.588084623995682,0.636418449956935,0.614516395340029,0.603468505106247,0.571074561767195,0,0.642272336789523,0.568870144804597,0.55797848219244,0.646595795122772,0.627487531535714,0.629167796968273,0.60444952744328,0.616654863405966,0,0,0.712179663470891,0.63193352693855,0.625048360121792,9.69205861355932,11.924013382716,-10.0392551814815,-7.274660025,-11.2253209090909,-11.5334081304348,-10.770868826087,0,3.9438904375,-5.04415007,-4.10120241025641,0,15.57886,-1.7737800125
"S23_3",128.963740458015,0,82.0476190476191,126.673469387755,115.676470588235,60.4516129032258,69.0980392156863,46.9411764705882,53.3125,52.5470852017937,64.3684210526316,55.6815476190476,67.972972972973,54.632183908046,76,49.1940298507463,129,88.32,56.7528957528958,73.2173913043478,56.6842105263158,67.5679012345679,50.3717948717949,64.2173913043478,50.3297297297297,36.2222222222222,81,71.5,60.2121212121212,72.8135593220339,0.635105420222541,0,0.663653103642425,0.653716805976803,0.621943498294857,0.635718706431677,0.684412231749401,0.630111128361263,0.698930116480791,0.593590106330123,0.64507207697648,0.619827341773908,0.656515715803285,0.593091503971088,0.739615487739902,0.624892340433286,0.745923427082155,0.58498521343207,0.59825814056519,0.659333743172434,0.588975478115311,0.664133720277393,0.619397407701609,0.633433705829837,0.592253647653683,0.604015353166153,0.68666717046203,0.563083056938562,0.67554823365878,0.619836811149356,10.6087476630952,10.820233,-8.11981871764706,-12.22605376875,-10.2175964105263,-10.898686027027,-9.38796125,-3.818868,-1.12628286521739,2.75811958555556,-3.4169038826087,-9.41205947777778,10.8090825,3.18091701355932
"S24_1",128.129449838188,22,90.820945945946,106.454545454545,85.2553191489362,49.0591397849462,62.0344827586207,43.7860465116279,61.1320754716981,51.0093457943925,59.7317073170732,50.2981927710843,60.3506493506493,49.3035714285714,72.2083333333333,50.5815602836879,65.6666666666667,71.5,50.1540229885057,62.8837209302326,55.7658536585366,73.0196078431373,45.2395833333333,61.8510638297872,33.1,57,49.2592592592593,65.5434782608696,52.3953488372093,68.4897959183673,0.654892138179557,0.298983358071319,0.684287445832107,0.660128081263764,0.699374694385826,0.606561065995675,0.614886523230154,0.635664496376297,0.619172844299102,0.60292486996138,0.598307858791799,0.569123546299222,0.624144581231525,0.579919419050623,0.632355072431895,0.601740839324681,0.521546497920138,0.571519528232463,0.577302629171488,0.60335596489131,0.592649719773582,0.602880115387356,0.613114045459351,0.640627945967711,0.581997229135959,0.673727533648704,0.54251271598605,0.576625092692251,0.553807196670213,0.629521162066088,9.9976318027027,8.19021697170213,-11.2098772068966,-9.2075681245283,-10.9758367073171,-10.4110716883117,-8.9808074375,-10.9561635,-3.54661641627907,-1.15268010156863,-1.9111896212766,8.49436575,3.57569379347826,3.75455753265306
"S24_2",121.898617511521,36.6666666666667,90.8683274021352,102.538461538462,115.772727272727,62.5231213872832,62.4814814814815,61.7731092436975,58.8191489361702,57.35,67.5454545454545,57.3950617283951,68.4090909090909,58.5882352941176,69.375,64.75,0,72.625,60.0263157894737,73.6363636363636,57.7142857142857,61.0769230769231,62.42,68.4230769230769,23,0,57.3636363636364,63.5714285714286,62.7333333333333,89.3571428571429,0.628983750073483,0.700087077601915,0.654674588425621,0.651890568064723,0.647181698468603,0.601967516084834,0.671402643459501,0.702015108875627,0.640106493590217,0.642735691519223,0.615653439189014,0.588549361179223,0.632977795540756,0.611647786087043,0.613832342924836,0.571399846701077,0,0.580597118992359,0.615377465515209,0.566127112992483,0.593147667128802,0.647991292069119,0.61640740509381,0.562225264304705,0.910729488821791,0,0.677137867521181,0.621679592028439,0.640708240071212,0.677003881195533,10.010515829395,12.4557494318182,-5.91044699314815,-9.8797343893617,-10.4976561272727,-9.51084027272727,-9.6352585,0,3.40335090606061,-4.48757491538462,-1.50710810769231,0,-1.147725,7.997558
"S24_3",69.7709251101322,23,53.5228758169935,94.4285714285714,82.2857142857143,64.0215517241379,39.1702127659574,44.4193548387097,29.7386363636364,53.4297520661157,54.6571428571429,49.2017857142857,46.7321428571429,53.5392156862745,54.5217391304348,50.9957805907173,45.8333333333333,87.8260869565217,53.9368895567243,58.9387755102041,61.3660130718954,62.3727272727273,60.6129032258064,51.7407407407407,38.0952380952381,30,52.6842105263158,56.8857142857143,49.9122807017544,65.8333333333333,0.66928488633216,0.451378869162925,0.664063175063995,0.567892590342203,0.665915449192868,0.607183672168108,0.598071595072446,0.613883768214758,0.662638173966321,0.575711249828625,0.638908838241711,0.566790967311694,0.624101938463725,0.621240616989342,0.582705193539685,0.593649119694236,0.518002771022628,0.62574937704207,0.563883060593072,0.566738024415767,0.582069303960163,0.588902355764319,0.623297807673796,0.645346223747641,0.604524354287105,0.711157933489927,0.556147531999778,0.628150357039925,0.56656297932977,0.552661379417452,9.63446957,10.4198813877551,-10.148996187234,-9.08587577829545,-9.79933531428571,-11.6777349446429,-11.1596862504348,-13.9390823333333,-4.87182727132653,-1.01689245454545,-2.32209211111111,-6.862894,1.18646587142857,2.06217398333333
