,patientID
OC01_001,1
OC01_002,1
OC01_003,1
OC02_001,2
OC02_002,2
OC03_001,3
OC03_002,3
OC03_003,3
OC04_001,4
OC04_002,4
OC04_003,4
OC05_001,5
OC05_002,5
OC05_003,5
OC06_001,6
OC06_002,6
OC06_003,6
OC07_001,7
OC07_002,7
OC07_003,7
OC08_001,8
OC08_002,8
OC08_003,8
OC09_001,9
OC09_002,9
OC09_003,9
OC10_001,10
OC10_002,10
OC10_003,10
OC11_001,11
OC11_002,11
OC11_003,11
OC12_001,12
OC12_002,12
OC12_003,12
OC13_001,13
OC13_002,13
OC13_003,13
OC17_001,17
OC17_002,17
OC17_003,17
OC18_001,18
OC18_002,18
OC18_003,18
OC19_001,19
OC19_002,19
OC19_003,19
OC20_001,20
OC20_002,20
OC20_003,20
OC21_001,21
OC21_002,21
OC21_003,21
OC22_001,22
OC22_002,22
OC22_003,22
OC24_001,24
OC24_002,24
OC24_003,24
OC25_001,25
OC25_002,25
OC25_003,25
OC26_001,26
OC26_002,26
OC26_003,26
OC27_001,27
OC27_002,27
OC27_003,27
OC28_001,28
OC28_002,28
OC28_003,28