"","Bcells_intratumor_cellfrequency","Bcells_stromal_cellfrequency","Bcells_tumorfront_cellfrequency","CD4.T.cells.memory_intratumor_cellfrequency","CD4.T.cells.memory_stromal_cellfrequency","CD4.T.cells.memory_tumorfront_cellfrequency","CD4.T.cells.naive_intratumor_cellfrequency","CD4.T.cells.naive_stromal_cellfrequency","CD4.T.cells.naive_tumorfront_cellfrequency","CD4.T.cells.regulatory_intratumor_cellfrequency","CD4.T.cells.regulatory_stromal_cellfrequency","CD4.T.cells.regulatory_tumorfront_cellfrequency","CD8.T.cells.memory_intratumor_cellfrequency","CD8.T.cells.memory_stromal_cellfrequency","CD8.T.cells.memory_tumorfront_cellfrequency","CD8.T.cells.naive_intratumor_cellfrequency","CD8.T.cells.naive_stromal_cellfrequency","CD8.T.cells.naive_tumorfront_cellfrequency","DCs_intratumor_cellfrequency","DCs_stromal_cellfrequency","DCs_tumorfront_cellfrequency","Fibroblasts_intratumor_cellfrequency","Fibroblasts_stromal_cellfrequency","Fibroblasts_tumorfront_cellfrequency","Granulocytes_intratumor_cellfrequency","Granulocytes_stromal_cellfrequency","Granulocytes_tumorfront_cellfrequency","M1.macrophages_intratumor_cellfrequency","M1.macrophages_stromal_cellfrequency","M1.macrophages_tumorfront_cellfrequency","M2.macrophages_intratumor_cellfrequency","M2.macrophages_stromal_cellfrequency","M2.macrophages_tumorfront_cellfrequency","Monocytes_intratumor_cellfrequency","Monocytes_stromal_cellfrequency","Monocytes_tumorfront_cellfrequency","Tumor.non.proliferating_intratumor_cellfrequency","Tumor.non.proliferating_stromal_cellfrequency","Tumor.non.proliferating_tumorfront_cellfrequency","Tumor.proliferating_intratumor_cellfrequency","Tumor.proliferating_stromal_cellfrequency","Tumor.proliferating_tumorfront_cellfrequency","Vessel_intratumor_cellfrequency","Vessel_stromal_cellfrequency","Vessel_tumorfront_cellfrequency"
"S01_1",0,183.68901750466,0,0,340.27637668896,79.3698037581602,0,144.542177708585,0,0,66.2484981164347,0,0,189.711608242518,19.8424509395401,0,24.0903629514308,0,8.50918992511913,21.079067582502,79.3698037581602,0,1315.93607622191,357.164116911721,391.42273655548,502.886326611118,39.6849018790801,8.50918992511913,258.971401727881,218.266960334941,51.0551395507148,280.050469310383,158.73960751632,0,6.0225907378577,0,1650.78284547311,21.079067582502,2599.36107307975,195.71136827774,0,813.540488521142,17.0183798502383,1249.68757810547,1170.70460543286
"S01_2",0,133.931251703005,23.3116534955824,0,249.389227309044,29.1395668694781,0,83.129742436348,5.82791337389561,0,180.114441945421,17.4837401216868,17.8758167013755,41.564871218174,69.9349604867473,0,13.8549570727247,0,0,18.4732760969662,5.82791337389561,0,854.389019484688,646.898384502413,393.267967430262,1219.23622239977,268.084015199198,35.7516334027511,1117.63320386646,466.233069911649,44.6895417534389,337.137288769634,75.7628738606429,0,4.61831902424156,11.6558267477912,2851.1927638694,23.0915951212078,2494.34692402732,160.88235031238,4.61831902424156,466.233069911649,0,3459.12094915693,1620.15991794298
"S01_3",0,383.504782530229,58.0492547926916,0,330.866871202551,36.2807842454323,0,120.315225891837,0,0,127.834927510076,29.0246273963458,4.36296367396445,165.433435601275,58.0492547926916,0,30.0788064729592,0,8.7259273479289,67.6773145641581,94.3300390381239,0,541.418516513265,529.699449983311,69.8074187834312,601.576129459183,261.221646567112,34.9037093917156,1669.37375924923,928.788076683066,21.8148183698223,142.874330746556,79.817725339951,0,0,0,1688.46694182424,15.0394032364796,2184.10321157502,17.4518546958578,0,362.807842454322,4.36296367396445,2947.72303435,907.019606135806
"S02_1",0,0,0,0,70.9786176914205,23.024409711696,0,8.87232721142756,0,0,26.6169816342827,0,7.89284671302399,17.7446544228551,0,0,8.87232721142756,0,7.89284671302399,8.87232721142756,0,0,1339.72140892556,694.569692969496,7.89284671302399,44.3616360571378,0,15.785693426048,106.467926537131,46.048819423392,7.89284671302399,44.3616360571378,23.024409711696,0,0,0,2762.4963495584,35.4893088457102,2152.78230804358,497.249342920511,0,851.903159332753,15.785693426048,771.892467394197,448.975989378072
"S02_2",0,728.03753437955,113.243533198236,0,665.120710420824,184.765764691858,0,238.185119272322,35.7611157468113,0,125.833647917453,47.6814876624151,91.1543790563699,566.251415628539,387.412087257122,0,130.327706771648,29.8009297890094,27.346313716911,17.976235416779,89.4027893670282,9.11543790563699,840.389005734419,721.182500894028,27.346313716911,143.809883334232,83.4426034092264,27.346313716911,408.959355731723,429.133388961736,118.500692773281,265.149472397491,262.248182143283,0,0,11.9203719156038,1084.7371107708,22.4702942709738,1573.4890928597,36.461751622548,0,476.814876624151,9.11543790563699,1060.59788958996,756.943616640839
"S02_3",0,76.2377747282668,27.17440533343,0,370.297762965867,104.168553778148,0,87.1288854037335,18.1162702222866,0,43.5644427018667,18.1162702222866,58.7023577001484,500.991091071468,253.627783112013,5.33657797274076,65.3466640528001,27.17440533343,21.346311890963,10.8911106754667,90.5813511114332,0,1078.2199568712,656.714795557891,10.6731559454815,0,49.8197431112882,21.346311890963,163.366660132,95.1104186670048,144.087605264001,54.4555533773334,226.453377778583,0,0,0,1558.2807680403,21.7822213509334,1539.88296889436,42.6926237819261,0,729.179876447037,0,1699.0132653728,634.069457780032
"S03_1",0,10.4433734184816,0,0,360.296382937616,170.45511515747,0,41.7734936739266,60.1606288791072,0,41.7734936739266,20.0535429597024,138.916831929794,339.409636100653,360.963773274643,19.160942335144,26.1084335462041,60.1606288791072,4.79023558378601,0,30.0803144395536,0,1926.80239570986,441.177945113453,14.370706751358,5.22168670924082,20.0535429597024,57.4828270054321,99.2120474755756,30.0803144395536,306.575077362305,83.5469873478531,290.776372915685,4.79023558378601,0,10.0267714798512,3271.73090372585,0,2927.81727211655,517.345443048889,0,982.623605025418,0,1587.39275960921,1233.2928920217
"S03_2",0,987.21241117287,609.598837072988,0,1026.78885527334,890.95214649129,0,263.842960669809,234.461091181918,0,72.5568141841976,70.3383273545755,0,2741.7680996271,2227.38036622822,0,765.144585942447,304.799418536494,0,4.39738267783016,46.8922182363837,0,2011.8025751073,1101.96712855502,0,15.3908393724055,0,0,57.165974811792,117.230545590959,1184.36636399526,24.1856047280659,70.3383273545755,0,2.19869133891508,0,1973.9439399921,0,820.613819136714,0,0,46.8922182363837,0,824.509252093154,797.167710018522
"S03_3",0,244.961397462538,0,0,709.543358167351,128.896085587001,0,240.737925092494,36.252024071344,0,160.491950061663,32.2240213967502,133.636242148871,840.471001638707,84.5880561664693,66.8181210744354,139.374588211444,12.0840080237813,0,38.0112513303938,60.4200401189066,0,1647.15422431706,813.656540267943,267.272484297742,46.4581960704813,64.4480427935004,0,308.313483013194,116.81207756322,133.636242148871,228.067507982363,136.952090936188,133.636242148871,0,0,2605.90672190298,38.0112513303938,2247.62549242333,400.908726446612,4.22347237004375,592.116393165285,66.8181210744354,2508.74258780599,1309.10086924298
"S04_1",0,10.1713189149237,0,0,294.968248532787,120.258254601757,0,44.0757152980027,7.51614091260983,0,3.3904396383079,0,41.6631947337722,525.518143937724,157.838959164806,0,37.2948360213869,7.51614091260983,13.8877315779241,6.7808792766158,60.1291273008786,0,1668.09630204749,315.677918329613,13.8877315779241,10.1713189149237,0,13.8877315779241,13.5617585532316,45.096845475659,69.4386578896203,16.9521981915395,308.161777417003,0,0,0,1388.77315779241,0,2217.2615692199,27.7754631558481,0,7.51614091260983,0,1366.34717423808,428.42003201876
"S04_2",0,572.697557810468,32.1908272237826,0,377.736687066479,96.5724816713478,0,143.174389452617,8.04770680594565,0,97.4804353719945,8.04770680594565,42.1318727617443,265.02493366761,265.574324596206,0,140.128125847242,96.5724816713478,63.1978091426164,12.1850544214993,225.335790566478,0,968.711826509195,571.387183222141,3054.56077522646,356.412841828855,893.295455459967,210.659363808721,182.77581632249,651.864251281597,358.120918474826,268.071197272985,1255.44226172752,42.1318727617443,12.1850544214993,64.3816544475652,1369.28586475669,9.13879081612448,989.867937131314,42.1318727617443,0,8.04770680594565,0,2689.85076354597,1762.4477905021
"S04_3",0,146.190867943782,0,0,1272.72049739293,380.333816064715,0,312.447149134751,43.8846710843902,0,20.0654132471858,14.6282236947967,12.080212611742,1479.10760507827,336.449144980325,0,131.858429910078,0,12.080212611742,2.86648760674083,131.654013253171,0,834.147893561582,629.01361887626,1993.23508093742,40.1308264943717,585.12894779187,72.4812756704518,42.9973141011125,175.538684337561,132.882338729162,45.8638017078533,336.449144980325,0,0,0,809.374244986712,2.86648760674083,2764.73427831658,0,0,29.2564473895935,0,1441.84326619064,804.552303213821
"S05_1",0,254.350686931167,97.4468914441629,0,597.171178012305,212.611399514537,0,158.508399102031,26.5764249393172,0,173.25336646036,70.8704665048458,0,626.661112728962,248.04663276696,0,47.9211439145677,0,405.735546750231,11.0587255187464,88.5880831310572,0,1456.06552663494,1408.55052178381,215.816780186293,169.567124620778,106.305699757269,630.184998143976,324.389281883227,726.422281674669,293.510821053359,423.917811551945,336.634715898017,17.2653424149034,7.37248367916426,26.5764249393172,2624.33204706532,0,2312.14896972059,25.8980136223552,0,646.693006856718,8.63267120745172,2093.78536488265,930.174872876101
"S05_2",0,43.5682387539484,3.16839713957106,0,179.718984860037,47.5259570935659,0,16.3380895327306,0,0,38.1222089097048,22.1787799769974,0,381.222089097048,44.3575599539949,0,10.8920596884871,0,0,5.44602984424355,0,0,1584.79468467487,1441.62069850483,0,185.165014704281,3.16839713957106,0,272.301492212177,475.259570935659,0,228.733253458229,101.388708466274,0,43.5682387539484,34.8523685352817,2621.23197903014,92.5825073521403,1466.9678756214,0,32.6761790654613,668.531796449494,0,1121.88214791417,826.951653428047
"S05_3",0,254.505495821619,0,0,565.900455415128,369.907985388635,0,92.8196514172962,30.8256654490529,0,8.98254691135124,0,9.88748047222607,482.063350909183,354.495152664108,0,38.9243699491887,0,0,8.98254691135124,61.6513308981058,0,1691.71300163782,446.972149011267,9.88748047222607,452.121527871346,15.4128327245264,49.4374023611303,89.8254691135125,138.715494520738,69.2123633055825,89.8254691135125,200.366825418844,0,0,0,1285.37246138939,26.9476407340537,1988.25542146391,0,8.98254691135124,200.366825418844,0,1251.56820298161,308.256654490529
"S06_1",0,16.6350600525668,0,0,232.890840735935,118.422610823827,0,8.31753002628339,0,0,0,4.93427545099278,231.49716557129,399.241441261603,325.662179765523,0,0,9.86855090198555,50.8164509790636,0,88.81695811787,5.64627233100707,2387.13111754333,1273.04306635614,434.762969487544,0,4.93427545099278,163.741897599205,49.9051801577004,123.356886274819,248.435982564311,16.6350600525668,113.488335372834,0,0,0,3365.17830928021,0,2422.72924643745,118.571718951148,8.31753002628339,138.159712627798,16.9388169930212,1954.6195561766,720.404215844945
"S06_2",0,41.3592724903969,38.2144046468716,0,806.505813562739,272.96003319194,8.10399040487536,62.0389087355953,10.9184013276776,0,0,0,251.223702551136,460.121906455665,272.96003319194,16.2079808097507,31.0194543677977,5.4592006638388,64.8319232390029,0,54.592006638388,0,2274.75998697183,715.155286962883,1012.99880060942,0,0,275.535673765762,20.6796362451984,92.8064112852596,243.119712146261,0,180.15362190668,0,0,0,2828.2926513015,0,1779.69941641145,226.91173133651,0,223.827227217391,0,718.617359520646,229.28642788123
"S06_3",0,385.462908831598,33.4779260903043,0,507.526163294937,86.0860956607825,0,83.5169635801795,19.1302434801739,0,96.3657272078994,33.4779260903043,170.055452865065,623.165035944416,167.389630451522,0,51.3950545108797,38.2604869603478,44.362292051756,0,9.56512174008695,0,1747.43185336991,1348.68216535226,22.181146025878,32.1219090692998,14.3476826101304,280.961182994455,109.214490835619,186.519873931695,170.055452865065,301.945945251418,263.040847852391,0,0,0,5286.50646950092,64.2438181385996,3213.88090466921,258.780036968577,6.42438181385996,215.215239151956,0,1349.12018091059,918.251687048347
"S07_1",0,17.3358296928091,0,0,69.3433187712364,20.9142307397363,0,0,2.32380341552626,0,86.6791484640455,25.5618375707889,0,0,16.2666239086838,0,17.3358296928091,2.32380341552626,83.423709018103,17.3358296928091,2.32380341552626,0,2062.96373344428,1213.02538290471,83.423709018103,0,2.32380341552626,166.847418036206,17.3358296928091,51.1236751415777,83.423709018103,34.6716593856182,60.4188888036828,0,0,0,2252.44014348878,433.395742320227,1610.3957669597,750.813381162927,381.3882532418,1099.15901554392,0,1040.14978156855,471.732093351831
"S07_2",0,4453.82316565527,1021.21865426075,0,683.352662909831,491.697870569991,0,498.077469092729,289.975667259226,0,127.527081458525,100.861101655383,196.656833824975,291.14673314116,718.635349294603,0,317.614617972175,428.659682035377,0,9.62468539309621,126.076377069229,0,1823.87788199173,1752.46164126228,0,9.62468539309621,0,0,428.298499992781,693.420073880757,0,240.617134827405,353.01385579384,0,2.40617134827405,0,3343.16617502458,4.81234269654811,1399.44778546844,196.656833824975,9.62468539309621,832.104088656908,0,1061.12156458886,378.229131207686
"S07_3",0,0,0,0,9.67232578327703,23.0861575399391,0,2.41808144581926,0,0,0,0,324.577469686783,26.5988959040118,300.120048019208,162.288734843391,14.5084886749155,300.120048019208,0,0,0,0,1446.01270459992,1015.79093175732,0,0,0,0,0,0,0,2.41808144581926,69.2584726198172,0,0,0,6329.26065889226,2.41808144581926,5563.76396712531,115.920524888137,0,369.378520639025,0,831.820017361825,831.101671437806
"S08_1",0,274.8615636271,20.772746157042,6.31815711993126,965.367442982985,197.341088491899,0,261.453682474559,83.0909846281678,0,181.00639555931,67.5114250103864,37.9089427195876,1508.38662966091,368.716244287495,31.5907855996563,496.091602644034,46.7386788533444,31.5907855996563,13.4078811525415,31.1591192355629,0,442.460078033868,259.659326963025,0,20.1118217288122,5.19318653926049,12.6363142398625,844.696512610112,384.295803905276,176.908399358075,1119.55807623721,669.921063564603,0,0,10.386373078521,3765.62164347903,0,3245.74158703781,416.998369915463,0,1043.83049439136,12.6363142398625,2775.43139857608,1438.51267137516
"S08_2",0,950.810027105965,60.9152516561334,5.60833623097372,346.704208778971,137.0593162263,0,78.7964110861297,7.61440645701668,5.60833623097372,94.5556933033557,30.4576258280667,44.8666898477898,1439.34777583997,563.466077819234,11.2166724619474,593.599630182177,114.21609685525,11.2166724619474,0,22.84321937105,0,467.52537244437,83.7584710271834,5.60833623097372,5.25309407240865,7.61440645701668,106.558388388501,562.081065747725,373.105916393817,263.591802855765,1092.643567061,944.186400670068,5.60833623097372,15.7592822172259,45.6864387421001,4464.23563985508,5.25309407240865,3654.915099368,465.491907170819,5.25309407240865,1583.79654305947,5.60833623097372,2300.85520371499,1599.0253559735
"S08_3",0,304.944201075515,203.618988149375,0,178.861502553908,27.1491984199167,0,46.9144924731561,40.723797629875,11.72511637178,23.4572462365781,0,0,803.410683602798,380.088777878833,0,389.97671868311,149.320591309542,0,0,0,0,463.280613172417,230.768186569292,0,11.728623118289,13.5745992099583,70.3506982306799,835.664397178093,1371.03452020579,128.97628008958,1946.95143763598,1615.37730598504,11.72511637178,5.86431155914451,13.5745992099583,3236.13211861128,0,2063.33907991367,797.307913281039,0,1547.50430993525,0,1990.93377432956,841.625151017416
"S09_1",0,88.6226271291586,9.11188714016588,0,744.430067884932,136.678307102488,0,106.34715255499,31.8916049905806,0,177.245254258317,70.6171253362856,435.35045711798,443.113135645793,243.742980999437,217.67522855899,124.071677980822,47.8374074858709,435.35045711798,35.4490508516635,109.342645681991,0,957.124372994913,523.933510559538,217.67522855899,35.4490508516635,4.55594357008294,217.67522855899,478.562186497457,350.807654896386,435.35045711798,177.245254258317,277.912557775059,0,0,2.27797178504147,3918.15411406182,265.867881387476,2102.56795759328,0,0,250.576896354562,0,1772.45254258317,672.001676587234
"S09_2",0,893.938761017586,32.3403062627003,0,1537.24048623585,334.18316471457,0,250.637035799323,75.4607146129674,0,559.756046618489,274.892603232953,864.771376067452,2631.68887589289,1029.49974936263,0,668.365428798195,169.786607879177,324.289266025295,8.35456785997744,148.226403704043,0,208.864196499436,207.51696518566,108.096422008432,1094.44838965705,258.722450101602,540.482110042158,793.683946697857,1883.82283980229,648.578532050589,476.210368018714,703.401661213732,0,8.35456785997744,18.8651786532418,2486.21770619392,8.35456785997744,1166.9460509791,864.771376067452,0,517.444900203205,0,2949.16245457204,1509.21429225935
"S09_3",0,125.035166140477,19.6858574612681,92.3531584780199,531.399456097027,102.803922297733,0,31.2587915351193,17.4985399655716,0,125.035166140477,80.9307473407688,923.531584780199,750.210996842862,448.400086617773,92.3531584780199,156.293957675596,74.3687948536794,0,0,21.8731749569645,0,1000.28132912382,702.128916118561,0,31.2587915351193,10.9365874784823,1015.88474325822,687.693413772624,1218.33584510292,1108.23790173624,375.105498421431,360.907386789915,184.70631695604,0,30.6224449397503,4340.59844846694,218.811540745835,2294.49605298558,184.70631695604,125.035166140477,275.602004457753,92.3531584780199,3188.39673658216,1143.96705024924
"S10_1",0,0,0,0,0,2.19297764697884,0,0,0,0,0,0,0,0,2.19297764697884,0,0,0,0,37.1126368528484,2.19297764697884,0,296.901094822787,52.6314635274923,0,37.1126368528484,32.8946647046827,58.6372698487158,111.337910558545,146.929502347583,117.274539697432,0,70.175284703323,0,0,2.19297764697884,4808.2561275947,2375.2087585823,4138.14881984908,234.549079394863,37.1126368528484,576.753121155436,0,1670.06865837818,403.507887044107
"S10_2",0,0,0,0,26.0953524177344,8.72588927719096,0,0,2.18147231929774,0,26.0953524177344,8.72588927719096,0,0,0,0,0,0,0,0,6.54441695789322,0,104.381409670938,56.7182803017413,0,130.476762088672,82.8959481333141,305.530094714329,130.476762088672,191.969564098201,305.530094714329,78.2860572532032,117.799505242078,0,0,4.36294463859548,5194.0116101436,2009.34213616555,3276.57142358521,611.060189428659,704.574515278829,1596.83773772595,0,4279.63779650844,1393.96081203126
"S10_3",0,0,0,0,84.7056478736391,6.74804812707924,0,24.913425845188,0,0,34.8787961832632,13.4960962541585,0,34.8787961832632,0,0,4.98268516903759,0,0,4.98268516903759,10.1220721906189,0,328.857221156481,67.4804812707924,0,74.7402775355639,30.3662165718566,342.114266164899,179.376666085353,236.181684447774,0,119.584444056902,104.594745969728,0,0,0,4789.59972630859,84.7056478736391,2783.56985242019,1710.5713308245,14.9480555071128,803.01772712243,0,3129.12628615561,1521.68485265637
"S11_1",0,75.0978525018099,9.15097274840316,0,99.129165302389,27.4529182452095,0,36.0469692008687,36.6038909936126,0,33.0430551007963,18.3019454968063,51.882468913754,48.0626256011583,9.15097274840316,0,33.0430551007963,0,0,3.00391410007239,0,0,465.606685511221,347.73696443932,415.059751310032,27.0352269006515,155.566536722854,484.236376528371,102.133079402461,640.568092388221,518.82468913754,81.1056807019546,109.811672980838,34.5883126091694,3.00391410007239,9.15097274840316,2213.65200698684,6.00782820014479,658.870037885027,3994.95010635906,0,1180.47548454401,51.882468913754,1036.35036452498,1445.8536942477
"S11_2",0,813.43533931238,24.682825689885,0,641.248296684212,135.755541294367,12.175967076185,213.749432228071,24.682825689885,0,305.780437770712,61.7070642247124,0,507.654901541668,86.3898899145974,12.175967076185,350.311569484894,24.682825689885,0,0,49.36565137977,0,774.841691826756,493.6565137977,133.935637838035,317.655406227827,160.438366984252,12.175967076185,388.905216970517,357.900972503332,401.806913514106,679.841944169836,839.216073456089,12.175967076185,2.96874211427876,12.3414128449425,2337.78567862753,17.8124526856726,1061.36150466505,4346.82024619805,0,678.777706471837,0,2360.14998085161,1999.30888088068
"S11_3",118.658511590779,288.945258560383,178.309877093549,0,541.392168671034,433.038272941476,0,346.73431027246,241.991976055531,0,179.450213211186,280.20123543272,140.232786425466,866.83577568115,547.666051073043,118.658511590779,593.098162308156,241.991976055531,399.124084441712,3.04152903747772,101.891358339171,0,736.050027069608,191.046296885945,0,124.702690536587,127.364197923964,323.614122520307,152.076451873886,853.340126090556,1143.43656623842,444.063239471747,1031.6500031841,43.1485496693742,3.04152903747772,0,2394.74450665027,12.1661161499109,1286.37839903203,377.549809607025,0,101.891358339171,10.7871374173436,3540.33979962407,2076.03642616061
"S12_1",0,2179.40724576366,376.939817646473,0,765.436772139215,263.146665149425,0,217.105702643123,14.2241440621311,0,150.3039479837,113.793152497048,0,1469.63860250729,455.172609988194,0,581.731946825803,135.129368590245,0,30.6174708855686,14.2241440621311,0,417.51096662139,725.431347168684,0,141.953728651273,42.6724321863932,0,322.875147520542,312.931169366883,0,297.824489523258,355.603601553277,0,0,14.2241440621311,8196.72131147541,11.1336257765704,1109.48323684622,0,8.3502193324278,263.146665149425,0,1366.65256407402,1806.46629589064
"S12_2",0,24.3474873393066,2.77646666851764,0,251.590702506168,8.32940000555293,0,48.6949746786132,0,0,113.621607583431,8.32940000555293,0,81.1582911310219,8.32940000555293,0,32.4633164524088,5.55293333703529,0,0,11.1058666740706,0,503.181405012336,269.317266846212,60.1902010352715,787.235423970913,49.9764000333176,180.570603105814,478.833917673029,172.140933448094,240.760804141086,332.74899363719,113.835133409223,0,0,0,2828.93944865776,81.1582911310219,1871.33853458089,1745.51583002287,8.11582911310219,683.010800455341,180.570603105814,3100.24672120504,1715.8564011439
"S12_3",0,343.705358581356,3.55357187276791,0,306.11258498652,21.3214312366075,0,145.00069815151,10.6607156183037,0,75.1855471896717,35.5357187276791,0,359.816547264857,39.089290600447,0,118.148717012341,7.10714374553582,61.7531725692407,10.7407924556674,39.089290600447,0,413.520509543194,451.303627841525,0,247.03822648035,31.9821468549112,0,139.630301923676,117.267871801341,247.012690276963,139.630301923676,248.750031093754,0,0,0,3025.9054558928,69.815150961838,1897.60738005807,216.136103992343,0,255.85717483929,30.8765862846204,1509.08134002127,1190.44657737725
"S13_1",0,51.8211430263548,11.7477752650592,0,340.538939887474,52.8649886927663,0,199.881551673083,23.4955505301184,0,96.2392656203731,11.7477752650592,20.5470656221908,103.64228605271,52.8649886927663,10.2735328110954,81.4332247557003,35.2433257951775,71.9147296776679,0,23.4955505301184,0,3198.10482676932,1350.99415548181,25.6838320277385,29.6120817293456,5.87388763252959,210.607422627456,214.687592537755,234.955505301184,174.650057788622,296.120817293456,328.937707421657,15.4102992166431,0,29.3694381626479,4160.78078849364,7.40302043233639,3541.95424241534,10.2735328110954,0,58.7388763252959,30.8205984332862,2857.56588688185,2214.45563746366
"S13_2",0,135.270738233905,30.5091985233548,0,241.02786085314,30.5091985233548,0,54.1082952935621,0,0,88.5408468440107,0,35.9014863215337,725.54305052731,457.637977850322,0,236.108924917362,167.800591878451,71.8029726430674,0,0,0,1099.38218164647,549.165573420386,0,14.7568078073351,0,71.8029726430674,213.973713206359,549.165573420386,287.21189057227,95.9192507476783,335.601183756903,0,2.45946796788919,15.2545992616774,4846.70065340705,7.37840390366756,2532.26347743845,71.8029726430674,0,106.782194831742,35.9014863215337,595.191248229183,2135.64389663484
"S13_3",0,23.5009341621329,0,0,223.258874540263,60.4199542229994,0,94.0037366485318,0,7.48878554364839,305.512144107728,35.5411495429408,82.3766409801323,293.761677026662,277.220966434938,0,152.756072053864,81.7446439487639,7.48878554364839,0,14.2164598171763,0,1938.82706837597,714.37710581311,0,23.5009341621329,7.10822990858816,262.107494027694,517.020551566925,646.848921681523,172.242067503913,364.264479513061,337.640920657938,14.9775710872968,0,39.0952644972349,4658.0246081493,47.0018683242659,3724.7124721002,89.8654265237806,0,472.697288921113,0,3137.37471064475,1716.63752292404
"S14_1",0,0,4.03624548445036,0,18.698578908003,4.03624548445036,0,9.3492894540015,0,0,9.3492894540015,0,0,37.397157816006,0,0,9.3492894540015,0,55.0641841896961,0,20.1812274222518,6.88302302371201,1383.69483919222,540.856894916349,6.88302302371201,0,0,371.683243280449,0,157.413573893564,261.554874901057,18.698578908003,157.413573893564,0,0,4.03624548445036,9058.05829920501,18.698578908003,5008.9806462029,48.1811611659841,0,12.1087364533511,82.5962762845442,2421.46596858639,1150.32996306835
"S14_2",0,16.9753348384797,0,0,152.778013546317,7.05649073659179,0,212.191685480996,10.5847361048877,0,144.290346127077,10.5847361048877,0,161.265680965557,0,0,42.4383370961992,0,40.5042782643917,8.48766741923984,7.05649073659179,10.1260695660979,1179.78577127434,546.878032085863,445.547060908308,1587.19380739785,179.940513783091,60.7564173965875,339.506696769594,130.545078626948,111.386765227077,390.432701285033,74.0931527342137,10.1260695660979,0,3.52824536829589,5751.60751354362,50.9260045154391,2903.74593810752,465.799200040504,8.48766741923984,215.222967466049,60.7564173965875,3556.33264866149,1083.17132806684
"S14_3",0,0,0,0,12.5131387957355,2.99878848945026,0,6.25656939786776,2.99878848945026,0,6.25656939786776,0,0,0,8.99636546835079,0,0,0,0,0,17.9927309367016,0,419.19014965714,284.884906497775,149.253731343284,6.25656939786776,29.9878848945026,0,0,29.9878848945026,0,0,53.9781928101047,0,0,0,7164.17910447761,2809.19965964262,4762.07612124702,0,50.0525551829421,281.886118008325,0,244.006206516843,206.916405772068
"S15_1",31.2104992119349,0,18.2931848739752,0,0,6.09772829132507,0,22.806577416927,3.04886414566253,0,45.6131548338541,3.04886414566253,70.2236232268535,114.032887084635,45.732962184938,23.4078744089512,0,12.1954565826501,0,0,0,7.80262480298372,615.77759025703,576.235323530219,0,0,3.04886414566253,179.460370468626,182.452619335416,125.003429972164,101.434122438788,0,24.3909131653003,0,0,18.2931848739752,3542.39166055461,159.646041918489,2158.59581512907,686.630982662568,0,560.991002801906,0,3147.30768353593,884.170602242135
"S15_2",0,0,28.6683275184409,0,105.708245243129,54.4698222850377,0,26.4270613107822,8.60049825553227,0,79.2811839323467,71.6708187961023,149.987206973523,105.708245243129,129.007473832984,44.1138844039773,0,11.4673310073764,88.2277688079546,0,22.9346620147527,0,819.238900634249,656.504700172297,17.6455537615909,0,5.73366550368818,132.341653211932,132.135306553911,177.743630614334,299.974413947046,79.2811839323467,229.346620147527,0,0,34.4019930221291,2796.82027121216,105.708245243129,2769.36043828139,194.1010913775,26.4270613107822,432.891745528458,17.6455537615909,1400.63424947146,774.044842997904
"S15_3",0,18.1185679083925,2.69738084320125,0,90.5928395419626,24.2764275888113,0,36.237135816785,2.69738084320125,0,126.829975358748,16.1842850592075,53.997138151678,72.4742716335701,43.15809349122,13.4992845379195,0,16.1842850592075,53.997138151678,0,5.3947616864025,13.4992845379195,652.268444702131,426.186173225798,0,217.42281490071,21.57904674561,121.493560841275,90.5928395419626,188.816659024088,202.489268068792,108.711407450355,124.079518787258,13.4992845379195,0,8.09214252960376,2888.84689111477,18.1185679083925,2257.70776575945,472.474958827182,0,558.357834542659,26.998569075839,3678.06928540368,1405.33541930785
"S16_1",0,40.5411172278411,0,0,228.310502283105,225.17451024544,0,55.4773183117825,32.16778717792,0,68.2797763837323,160.8389358896,0,226.176759271113,193.00672306752,0,53.3435752997909,32.16778717792,0,6.40122903597491,0,0,1331.45563948278,1190.20812558304,0,8.53497204796654,0,0,108.820893611573,160.8389358896,0,136.559552767465,32.16778717792,0,2.13374301199164,0,0,4.26748602398327,353.84565895712,0,0,32.16778717792,0,1591.77228694576,2541.25518705568
"S16_2",0,34.4844233859566,5.51940346287373,5.75281312561843,337.947349182374,149.023893497591,0,110.350154835061,16.5582103886212,0,186.215886284165,82.791051943106,57.5281312561843,310.359810473609,110.388069257475,17.2584393768553,124.143924189444,49.6746311658636,97.7978231355133,20.6906540315739,27.5970173143687,0,1344.89251205231,1114.91949950049,281.887843155303,48.2781927403392,22.0776138514949,258.876590652829,82.7626161262957,160.062700423338,598.292565064316,158.6283475754,248.373155829318,23.0112525024737,6.89688467719131,0,3860.13760728996,13.7937693543826,2594.11962755065,51.7753181305658,6.89688467719131,193.179121200581,5.75281312561843,2813.92894829406,905.182167911292
"S16_3",0,231.093650701947,63.1810546032973,0,240.722552814528,52.0314567321272,0,173.32023802646,26.0157283660636,0,192.578042251622,22.2991957423402,0,67.4023147880679,37.1653262372337,0,0,7.43306524744674,31.4767308267363,0,55.7479893558506,0,1617.65555491363,687.558535388824,149.514471426998,28.8867063377434,44.5983914846805,78.6918270668408,86.6601190132301,141.228239701488,464.281779694361,96.2890211258112,605.79481766691,0,0,3.71653262372337,5563.51217362565,19.2578042251622,4225.69759317347,15.7383654133682,0,81.7637177219142,0,2994.58855701273,706.141198507441
"S17_1",0,371.514550510261,10.2995097433362,0,468.679894489868,175.091665636716,0,217.193121836768,102.995097433362,0,77.1607143367465,20.5990194866724,169.846571930023,1168.84193198997,628.270094343509,94.3592066277907,342.936508163318,82.3960779466897,0,20.0046296428602,82.3960779466897,0,2349.11508091873,175.091665636716,301.94946120893,111.454365153078,144.193136406707,811.489176999,260.060185357183,1040.25048407696,377.436826511163,188.615079489825,411.980389733449,18.8718413255581,14.2890211734716,41.1980389733449,2000.41518050916,20.0046296428602,1122.64656202365,75.4873653022325,0,607.671074856837,0,931.644180510347,339.883821530095
"S17_2",0,185.984997210225,6.3429238341706,0,640.614990390775,114.172629015071,0,330.6399950404,57.0863145075354,0,371.96999442045,79.2865479271325,330.161338840914,1425.88497861173,440.833206474857,88.0430236909103,1012.58498481123,139.544324351753,14.6738372818184,20.664999690025,3.1714619170853,0,847.264987291025,377.403968133151,66.0322677681827,392.634994110475,72.9436240929619,293.476745636368,909.2599863611,475.719287562795,381.519769327278,971.254985431175,402.775663469833,117.390698254547,20.664999690025,88.8009336783884,4174.70670667733,20.664999690025,2121.70802253007,2142.38024314548,82.6599987601,2010.70685543208,0,1797.85497303218,1119.52605673111
"S17_3",0,363.276600349364,22.2859435125618,16.9485780143046,726.553200698728,371.432391876031,0,239.607970443197,66.8578305376855,0,309.171574765416,215.430787288098,533.880207450595,1089.82980104809,1300.01337156611,122.877190603708,517.862387732072,282.288617825783,4.23714450357615,0,14.8572956750412,0,1947.78092102212,237.71673080066,364.394427307549,85.0221830604894,81.7151262127268,220.33151418596,417.381625933312,943.438275365118,288.125826243178,417.381625933312,579.434531326608,55.08287854649,15.4585787382708,163.430252425454,2546.52384664927,7.7292893691354,1842.30466370511,199.145791668079,0,1203.44094967834,0,1484.023558874,735.436135914541
"S18_1",0,128.214521210345,19.6276632285543,0,522.016264927834,127.579810985603,0,100.739980950985,39.2553264571087,0,357.169023371676,215.904295514098,3.46127354098667,567.8071653601,451.436254256749,13.8450941639467,119.056341123892,78.5106529142173,3.46127354098667,0,9.81383161427716,0,1639.31423547513,569.202233628075,10.38382062296,128.214521210345,0,83.0705649836801,293.061762766503,529.946907170967,100.376932688613,302.219942852956,431.808591028195,24.2289147869067,27.4745402593597,98.1383161427716,1387.97068993565,0,1079.52147757049,245.750421410054,0,1236.54278339892,0,2573.44860429335,1197.28745694181
"S18_2",0,0,23.192708212538,0,133.627313422864,146.887152012741,0,66.8136567114318,23.192708212538,0,267.254626845727,92.7708328501519,53.4185030448547,0,293.774304025481,19.6805011217886,133.627313422864,85.0399301126393,5.62300032051102,0,15.4618054750253,0,1069.01850738291,502.508677938323,483.578027563948,0,1267.86804895208,112.46000641022,133.627313422864,579.817705313449,109.648506249965,0,649.395829951063,25.3035014422996,0,154.618054750253,1858.40160592889,200.440970134295,1252.40624347705,261.469514903762,0,1244.67534073954,8.43450048076653,1336.27313422864,1391.56249275228
"S18_3",0,8.63460924075881,16.7233868202988,0,319.480541908076,142.14878797254,0,103.615310889106,33.4467736405977,0,259.038277222764,58.531853871046,30.2350015495438,198.596012537453,351.191123226276,7.55875038738596,17.2692184815176,25.0850802304483,0,0,16.7233868202988,0,1899.61403296694,643.850392581506,453.525023243157,8.63460924075881,351.191123226276,79.3668790675526,112.249920129865,301.020962765379,192.748134878342,34.5384369630352,367.914510046575,7.55875038738596,8.63460924075881,8.36169341014942,1696.93946196815,0,1739.23222931108,45.3525023243157,0,585.31853871046,0,1597.40270954038,1237.53062470211
"S19_1",23.6027190332326,1927.55601959682,345.007160525973,16.8590850237376,1345.27347201028,416.612420257779,0,722.833507348807,123.681812264028,3.37181700474752,501.967713436672,188.777502929306,768.774277082434,1666.53280860975,1568.8061450332,195.565386275356,401.574170749337,286.421038927223,30.3463530427277,40.1574170749337,78.1148287983335,0,341.338045136937,84.6243978648613,3.37181700474752,0,6.5095690665278,310.207164436772,361.416753674404,937.377945580003,374.271687526975,180.708376837202,1067.56932691056,3.37181700474752,0,0,2222.02740612861,0,1620.88269756542,158.475399223133,0,800.676995182919,0,1746.84764275962,794.167426116391
"S19_2",17.3358897992157,169.001966568338,208.83238130336,6.93435591968629,606.87069813176,343.959216264357,0,414.823008849558,171.979608132179,0,522.369714847591,159.695350408452,422.995711100864,1106.19469026549,1744.36459676924,121.35122859451,476.278269419862,331.67495854063,38.1389575582746,0,98.2740617898163,0,775.872664700098,307.106443093176,10.4015338795294,0,0,204.563499630746,245.821042281219,700.202690252441,211.497855550432,130.592428711898,872.18229838462,3.46717795984314,0,24.5685154474541,2010.96321670902,23.0457227138643,1289.84706099134,121.35122859451,0,798.476752042258,0,2742.44100294985,1535.53221546588
"S19_3",177.605872834195,4965.32098563211,2630.99108937924,0,911.897945662617,248.206706545211,0,408.276023929376,0,19.7339858704661,195.581328828443,24.8206706545211,592.019576113984,1596.43259656217,1265.85420338058,78.9359434818645,1168.59843974995,496.413413090422,0,2.44476661035554,99.2826826180844,0,185.802262387021,24.8206706545211,6551.68330899475,119.793563907422,3028.12181985157,1026.16726526424,408.276023929376,1042.46816748989,39.4679717409322,264.034793918399,173.744694581648,0,2.44476661035554,0,611.75356198445,0,546.054754399464,0,0,49.6413413090422,0,1505.97623197901,719.799448981111
"S20_1",0,75.4992693619094,0,0,362.883584997565,50.8007467709775,0,146.127618119825,38.1005600782332,0,92.5474914758889,63.5009334637219,0,226.497808085728,25.4003733854888,0,102.289332683877,12.7001866927444,187.599662320608,29.2255236239649,50.8007467709775,0,1346.80954700438,977.914375341318,0,168.046760837798,0,281.399493480912,370.189965903556,228.603360469399,281.399493480912,326.351680467608,304.804480625865,0,9.74184120798831,0,9286.18328487009,0,3175.0466731861,93.7998311603039,0,203.20298708391,93.7998311603039,2123.72138334145,1168.41717573248
"S20_2",0,167.930141061318,41.6328399841795,0,459.808719572658,145.714939944628,0,251.895211591978,20.8164199920898,0,199.916834596808,114.490309956494,39.0071383063101,239.900201516169,166.531359936718,0,103.95675399034,41.6328399841795,71.5130868949018,15.9933467677446,20.8164199920898,0,1399.41784217765,645.309019754783,0,39.9833669193615,31.2246299881346,117.02141491893,235.901864824233,166.531359936718,331.560675603635,227.905191440361,218.572409916942,13.0023794354367,11.9950100758085,10.4082099960449,4199.76855764605,47.9800403032339,2092.05020920502,533.097556852904,3.99833669193615,374.695559857616,58.5107074594651,1503.37459616799,843.065009679635
"S21_1",0,8.48975710804914,15.1788831377787,16.2541719041221,348.080041430015,101.192554251858,5.41805730137402,59.428299756344,15.1788831377787,5.41805730137402,220.733684809278,45.5366494133362,1890.90199817953,1392.32016572006,2413.44241890682,270.902865068701,254.692713241474,384.531706157061,27.0902865068701,16.9795142160983,25.2981385629645,0,840.485953696865,96.1329265392652,0,0,5.05962771259291,698.929391877248,178.284899269032,1234.54916187267,433.444584109922,356.569798538064,779.182667739308,16.2541719041221,0,5.05962771259291,1560.40050279572,8.48975710804914,814.600061727458,48.7625157123662,0,80.9540434014865,5.41805730137402,653.711297319784,384.531706157061
"S21_2",3.71770706698936,179.077435189769,7.34829446085563,0,632.038006552127,154.314183677968,0,126.407601310425,73.4829446085564,3.71770706698936,516.164372017571,110.224416912835,732.388292196905,1527.42518250097,1939.94973766589,204.473888684415,316.019003276064,382.111311964493,18.5885353349468,0,29.3931778434225,0,1411.55154796642,176.359067060535,765.847655799809,10.5339667758688,227.797128286525,613.421666053245,231.747269069113,1506.40036447541,356.899878430979,221.213302293245,947.929985450377,26.0239494689255,0,117.57271137369,1483.36511972876,0,999.368046676366,29.7416565359149,0,367.414723042782,44.6124848038724,821.649408517766,668.694795937863
"S21_3",0,177.195003100913,42.488404206352,0,673.341011783468,389.477038558227,0,135.849502377366,77.8954077116454,0,283.51200496146,375.314237156109,743.494423791822,1771.95003100913,2251.88542293666,198.265179677819,437.081007648918,389.477038558227,0,5.90650010336375,42.488404206352,0,705.826762351968,226.604822433877,1784.38661710037,180.148253152594,120.383811917997,1090.45848822801,301.231505271551,1529.58255142867,346.964064436183,451.847257907327,1154.26831427256,0,0,28.3256028042347,545.229244114003,8.85975015504563,431.965442764579,247.831474597274,0,601.919059589987,0,1636.10052863176,786.035477817512
"S22_1",0,114.632888175618,0,0,481.458130337594,72.4544790801625,0,91.7063105404941,5.57342146770481,0,45.853155270247,50.1607932093433,0,951.452971857626,16.7202644031144,0,286.582220439044,11.1468429354096,8.57111021590627,34.3898664526853,50.1607932093433,0,1432.91110219522,362.272395400813,29.9988857556719,183.412621080988,295.391337788355,34.2844408636251,527.311285607841,211.790015772783,89.9966572670158,435.604975067347,406.859767142451,12.8566653238594,34.3898664526853,50.1607932093433,2091.35089268113,22.9265776351235,2156.91410800176,329.987743312391,0,657.663733189167,0,3427.52335645097,1499.25037481259
"S22_2",0,0,0,0,226.423638627873,23.0534263154861,0,0,0,0,113.211819313936,11.5267131577431,0,0,28.8167828943577,0,0,0,9.44414887756291,0,28.8167828943577,0,1358.54183176724,541.755518413924,0,0,17.2900697366146,3.1480496258543,0,109.503774998559,22.0363473809801,113.211819313936,161.373984208403,0,113.211819313936,5.76335657887153,2014.75176054675,113.211819313936,3515.64751311164,157.402481292715,113.211819313936,651.259293412483,0,5434.16732706895,1342.86208287707
"S22_3",0,151.085930122757,6.5590114257979,0,440.667296191376,78.7081371095748,0,81.8382121498269,19.6770342773937,0,31.4762354422411,39.3540685547874,26.4987704570508,1762.6691847655,708.373233986174,21.1990163656406,522.505508341202,177.093308496543,21.1990163656406,18.8857412653447,39.3540685547874,0,1384.95435945861,550.956959767024,0,37.7714825306893,6.5590114257979,10.5995081828203,125.904941768964,118.062205664362,206.690409564996,88.1334592382751,465.689811231651,0,0,0,4817.47646909183,6.29524708844822,4269.91643819444,317.98524548461,0,688.69619970878,31.798524548461,1680.83097261568,1469.21855937873
"S23_1",0,141.721038488164,26.3952066304759,9.85784980580036,1520.77575916145,343.137686196187,0,1024.75212445288,175.968044203173,0,550.531726434789,158.371239782855,320.380118688512,1684.3000343401,607.089752500946,69.0049486406025,566.884153952654,167.169641993014,172.512371601506,21.8032366904867,351.936088406345,0,1139.21911707793,202.363250833649,14.7867747087005,272.540458631084,52.7904132609518,394.313992232014,267.089649458462,580.69454587047,1143.51057747284,327.048550357301,1178.98589616126,24.6446245145009,0,0,2962.28386664301,0,1662.89801771998,911.851107036533,0,598.291350290787,14.7867747087005,2910.73209817997,871.041818805705
"S23_2",0,71.4554343738247,0,0,673.185408048138,131.457867753385,0,146.671681083114,21.9096446255642,15.918666228019,330.951485520872,197.186801630078,286.535992104342,722.075968409176,547.741115639104,47.7559986840569,214.366303121474,65.7289338766925,10.6124441520127,3.76081233546446,0,0,714.554343738247,219.096446255642,42.4497766080506,127.867619405792,0,780.01464517293,357.277171869124,1555.58476841506,1278.79952031752,1816.47235802933,2103.32588405416,63.6746649120759,7.52162467092892,65.7289338766925,1061.24441520127,0,284.825380132334,1936.77105774231,0,942.114718899259,15.918666228019,1786.38585934562,810.656851145874
"S23_3",6.01594224695443,223.914017017465,16.3001841920814,6.01594224695443,1185.64307371543,391.204420609953,0,308.340613597821,97.8011051524882,6.01594224695443,356.059994273674,326.003683841627,144.382613926906,928.692562383913,456.405157378278,36.0956534817266,323.023499959622,114.10128934457,18.0478267408633,3.67072159045025,81.5009209604068,0,704.778545366448,293.403315457465,6.01594224695443,488.205971529883,81.5009209604068,1082.8696044518,524.913187434386,1858.22099789728,577.530455707625,429.474426082679,766.108657027824,96.2550759512709,3.67072159045025,48.9005525762441,2496.61603248609,0,1124.71270925361,210.557978643405,0,912.810314756557,12.0318844939089,2250.152334946,929.110498948638
"S24_1",20.0621927976728,1044.17067307692,37.2939509211606,20.0621927976728,1130.55889423077,387.85708958007,0,401.893028846154,126.799433131946,0,232.872596153846,246.14007607966,180.559735179055,1487.37980769231,1021.8542552398,30.0932891965092,499.549278846154,216.304915342731,60.1865783930184,30.0480769230769,231.222495711196,0,492.037259615385,365.480719027374,0,30.0480769230769,0,150.466445982546,398.137019230769,343.104348474677,521.617012739492,386.868990384615,1126.27731781905,10.0310963988364,15.0240384615385,7.45879018423212,2537.86738890561,11.2680288461538,1678.22779145223,50.155481994182,3.75600961538462,753.337808607444,0,1427.28365384615,454.986201238159
"S24_2",0,9.15541313801785,0,0,250.247959105821,213.98732822865,0,61.0360875867857,9.30379687950653,0,103.761348897536,102.341765674572,169.643132537553,88.5023270008392,307.025297023715,30.8442059159187,24.4144350347143,65.1265781565457,30.8442059159187,21.362630655375,27.9113906385196,15.4221029579593,1159.68566414893,334.936687662235,0,0,0,30.8442059159187,79.3469138628214,102.341765674572,231.33154436939,152.590218966964,595.443000288418,0,0,0,3007.31007680207,33.5698481727321,2521.32895434627,246.75364732735,0,548.924015890885,61.6884118318374,1049.82070649271,474.493640854833
"S24_3",0,668.693703991587,61.4069561799961,0,1031.61721000411,466.69286696797,0,134.310273878652,122.813912359992,0,148.598600887019,221.065042247986,291.375291375291,3832.12930364409,1240.42051483592,72.8438228438228,948.744913355585,454.411475731971,87.4125874125874,25.718988615061,245.627824719984,0,308.627863380732,356.160345843977,0,48.5803118284486,12.2813912359992,189.393939393939,200.036578117141,1424.64138337591,568.181818181818,257.18988615061,1080.76242876793,0,11.4306616066938,0,2738.92773892774,8.57299620502035,1928.17842405188,160.25641025641,2.85766540167345,294.753389663981,0,728.704677426729,540.381214383965
