"","Tumor.non.proliferating_intratumor_cellfrequency","Tumor.non.proliferating_stromal_cellfrequency","Tumor.non.proliferating_tumorfront_cellfrequency","Tumor.proliferating_intratumor_cellfrequency","Tumor.proliferating_stromal_cellfrequency","Tumor.proliferating_tumorfront_cellfrequency","Vessel_intratumor_cellfrequency","Vessel_stromal_cellfrequency","Vessel_tumorfront_cellfrequency","Fibroblasts_intratumor_cellfrequency","Fibroblasts_stromal_cellfrequency","Fibroblasts_tumorfront_cellfrequency","CD4.T.cells.naive_intratumor_cellfrequency","CD4.T.cells.naive_stromal_cellfrequency","CD4.T.cells.naive_tumorfront_cellfrequency","CD4.T.cells.memory_intratumor_cellfrequency","CD4.T.cells.memory_stromal_cellfrequency","CD4.T.cells.memory_tumorfront_cellfrequency","CD4.T.cells.regulatory_intratumor_cellfrequency","CD4.T.cells.regulatory_stromal_cellfrequency","CD4.T.cells.regulatory_tumorfront_cellfrequency","B.cells_intratumor_cellfrequency","B.cells_stromal_cellfrequency","B.cells_tumorfront_cellfrequency","CD8.T.cells_intratumor_cellfrequency","CD8.T.cells_stromal_cellfrequency","CD8.T.cells_tumorfront_cellfrequency","Myeloid.M1.macrophages_intratumor_cellfrequency","Myeloid.M1.macrophages_stromal_cellfrequency","Myeloid.M1.macrophages_tumorfront_cellfrequency","Myeloid.M2.macrophages_intratumor_cellfrequency","Myeloid.M2.macrophages_stromal_cellfrequency","Myeloid.M2.macrophages_tumorfront_cellfrequency","Myeloid.Granulocytes_intratumor_cellfrequency","Myeloid.Granulocytes_stromal_cellfrequency","Myeloid.Granulocytes_tumorfront_cellfrequency","Myeloid.DCs_intratumor_cellfrequency","Myeloid.DCs_stromal_cellfrequency","Myeloid.DCs_tumorfront_cellfrequency","Myeloid.Monocytes_intratumor_cellfrequency","Myeloid.Monocytes_stromal_cellfrequency","Myeloid.Monocytes_tumorfront_cellfrequency"
"OC01_001",2719.12066835691,1485.18326693816,3611.02608432021,98.0172564461807,6.72387527500452,161.519863655951,-1.39872969184666,1312.96771252975,703.577484147218,-0.573784884373136,1307.47402494933,560.102036250482,0,-27.2785187526069,-38.6780031165525,0,32.9080147589651,12.7732934400592,0,7.3380698921009,6.56942675395322,1.12172194231226,7.34248103687014,-6.97322710381601,-25.2713165856613,73.5913799483685,-13.1473491243987,17.1100436794496,140.127483071072,53.4878560379071,50.2315490643083,205.490518031474,164.851782985192,21.9500153174555,285.260728769346,118.22801296749,18.0833014457341,31.9641917963818,34.080979102711,26.0975132495509,80.5452149290028,2.1878168632721
"OC01_002",2385.26354813601,581.641201110543,3227.44912641701,54.5925363969407,6.72387527500452,139.929415775765,-1.39872969184666,2556.67347717132,1141.26058140531,-0.573784884373136,1894.38258509254,830.036529389295,0,47.1259055554759,-29.4698279411353,0,96.1586371318464,28.4624092451649,0,7.3380698921009,6.56942675395322,1.12172194231226,333.706721218057,-5.85110889289463,-25.2713165856613,288.141340980835,51.8404590887832,17.1100436794496,120.651647182123,108.086008297519,50.2315490643083,190.657392393012,168.800907278584,21.9500153174555,192.049081484984,59.2948991972168,18.0833014457341,30.1046984915547,55.7963398964221,26.0975132495509,76.7643074005094,-3.99995661091029
"OC01_003",3761.66901774222,4.76750632999719,2629.71828833964,58.3521528190706,6.72387527500452,158.146801707268,16.3815804962754,1472.32099265031,1390.33829971921,-0.573784884373136,1191.93979002432,394.897787420764,0,51.0543394938307,-24.1344333485793,0,31.3343627667256,3.67288353078919,0,7.3380698921009,6.56942675395322,1.12172194231226,333.718534023217,30.033681526472,-25.2713165856613,316.679434287316,139.59870760355,17.1100436794496,274.215990753027,125.542836821982,50.2315490643083,205.258833148006,290.726275942037,21.9500153174555,497.200852465765,132.018339720907,18.0833014457341,46.2585766850533,79.5198433171978,26.0975132495509,96.1035577251434,17.660110792245
"OC02_001",8188.49002437559,-23.0213613281647,3268.9587956294,220.500740947578,6.72387527500452,191.975561714845,-1.39872969184666,809.223877745686,895.30158655262,-0.573784884373136,206.213273809291,102.630066199042,0,467.252469107576,525.436477891412,0,118.1418886808,377.475711888232,0,20.9316931385504,36.2431013521947,1.12172194231226,102.413152272342,11.1599826922886,447.452300581223,410.1901793214,674.610817391239,17.1100436794496,105.836994248719,135.930486695528,50.2315490643083,176.253028211403,207.59803642051,21.9500153174555,118.339670149515,36.4614450641812,95.5598252826607,46.7328546725458,143.735344517159,26.0975132495509,124.439551521858,298.270382731985
"OC02_002",9284.54977517135,-36.8629027805694,4197.51772188048,320.203197629662,6.72387527500452,231.704671535565,-1.39872969184666,638.985562341654,833.602567915006,-0.573784884373136,378.801619483072,375.471937044907,0,351.271696309479,471.23203680829,0,25.3063015220442,15.4966716821596,0,7.3380698921009,6.56942675395322,1.12172194231226,-50.2769292023092,-30.749979356441,63.6082303644054,279.630841093464,354.894485818825,17.1100436794496,84.4342614857114,91.4589732337301,50.2315490643083,158.367794705141,273.210507023531,21.9500153174555,110.838025771362,65.6513281237377,18.0833014457341,32.873772241476,89.602043806401,26.0975132495509,75.014150403769,174.67048153322
"OC03_001",7345.80134804916,-38.8169312680961,4144.56299282906,104.390267269498,6.72387527500452,292.717025067162,-1.39872969184666,1754.62288254234,1445.61125056232,-0.573784884373136,2459.12654653037,908.649899402825,0,61.4087799839967,219.052712557375,0,370.416555112344,996.900285296765,0,24.5789213037274,87.9927560836363,1.12172194231226,-9.68105165123802,153.248729979839,1401.1129989869,218.470903415589,1069.71477851764,17.1100436794496,183.038129711534,666.607478344355,50.2315490643083,233.24557728969,289.315947550621,21.9500153174555,112.025150755242,83.9183353110557,18.0833014457341,54.1474256733109,154.435786904063,26.0975132495509,98.844179462685,460.353860869429
"OC03_002",4809.51364127191,-42.8383712255797,5146.59744583497,59.1750025402299,6.72387527500452,170.761579690199,-1.39872969184666,1712.60471343134,1634.05184878285,-0.573784884373136,2479.15174759508,681.384760612925,0,137.504720000979,465.355492152819,0,305.130165117888,861.862415922456,0,58.9909706043789,69.1571337373771,1.12172194231226,-33.5535454451067,75.3257983113947,810.757510329562,192.833791495196,1716.86234528994,17.1100436794496,212.836488055898,963.504826768871,50.2315490643083,185.313162235342,401.159599950551,21.9500153174555,106.545059766085,36.4614450641812,18.0833014457341,26.7915363373641,265.363938996713,26.0975132495509,56.1064523836216,264.442862197085
"OC03_003",8371.59455399293,69.8384376882332,2260.02016965952,185.842717441897,6.72387527500452,134.209583998069,115.104836465746,2805.52739205925,2206.28232223489,-0.573784884373136,2033.91414741182,1276.71725324116,0,26.1431050864506,-38.0591026682298,0,232.021843712858,9.37031670927206,0,29.2958776398202,6.56942675395322,1.12172194231226,139.997179781665,-30.749979356441,-25.2713165856613,111.002105867312,-22.639175393104,17.1100436794496,557.630622896909,173.557451599579,50.2315490643083,261.742485408191,108.522658276035,21.9500153174555,234.903955290579,42.6971822763276,18.0833014457341,58.3425011114577,57.8025382829517,26.0975132495509,131.023638856834,63.4897735507279
"OC04_001",4596.16215775865,-36.5680942453436,3470.07974114192,337.479314980636,6.72387527500452,426.731930872883,16.0654405421479,1846.85311803952,1175.34070127282,24.005813587111,1538.88876020874,735.055441393841,0,830.8715249106,143.433249964199,0,1447.72007369472,376.228015174936,0,141.748772114344,42.3468418847393,1.12172194231226,113.630370150547,-20.6438490531737,152.101119417535,651.975488274731,362.768244930352,118.419070705325,1354.53328434915,974.058070292784,50.2315490643083,273.93492127561,172.63109005238,21.9500153174555,363.900163333768,92.06827182686,18.0833014457341,66.4061847283556,126.627819486196,26.0975132495509,407.612108939582,129.976523437183
"OC04_002",5421.08597183992,78.0463055910717,2927.70973272193,212.465513417582,6.72387527500452,264.39824530264,32.2923202979768,3228.86752205925,1467.89395760824,-0.573784884373136,2129.5968258699,1147.23856947939,0,-43.4325479241256,-8.81638811778868,0,58.8378655886136,57.4964762084054,0,33.2511106557696,16.4770296169791,1.12172194231226,-30.4877081114486,-30.749979356441,-10.1752062061903,-0.00809463327971116,-1.40215874448586,53.755151722987,152.654330874754,317.14351346772,50.2315490643083,139.664838282245,91.7259757047117,85.079122013332,133.981759610669,195.261885953215,18.0833014457341,22.3861948456599,34.080979102711,41.133467243082,53.8062164774624,0.66532208764221
"OC04_003",5239.9335384482,6.28307858109976,3271.48816474118,94.7442759002537,6.72387527500452,174.279847277477,-1.39872969184666,2024.80160241191,1508.32567974381,-0.573784884373136,3444.91754366304,1300.62172912406,0,-12.8357319978447,-19.3203533700387,0,99.1481495897905,20.3478059650893,0,28.3975815643967,27.1530297780166,1.12172194231226,30.0004937843655,-23.4821061216265,22.0553636649406,45.748719344331,13.7169660503234,292.830016710439,331.395886596417,228.203499831793,50.2315490643083,157.742159302507,114.059345087388,111.010106784736,109.992867314366,36.4614450641812,18.0833014457341,29.5706386453817,72.112701801462,26.0975132495509,52.9036251613482,36.8419437831478
"OC05_001",2906.38159132762,16.7463674787241,1639.73135489839,470.79000876734,37.5918218503627,689.209453822459,-1.39872969184666,4221.95314338832,2999.31970770171,-0.573784884373136,476.308182530527,863.901280636112,0,424.546460373174,158.665474112363,0,1616.11027969347,504.747499922847,0,99.3013938294181,74.7976799361855,1.12172194231226,3167.69637213736,1221.96866850334,60.0479802018677,2715.10052521229,544.43656243809,224.218680963221,412.902387134304,596.414530718866,50.2315490643083,199.995107623212,236.898293861686,21.9500153174555,123.784357648909,64.8659115697634,18.0833014457341,48.5305701578867,97.1126553892513,26.0975132495509,143.845868390855,169.679980423479
"OC05_002",2780.61729829846,-33.0714672020781,2550.5637911979,360.204984951812,6.72387527500452,792.844903870122,-1.39872969184666,3974.05664433368,2708.12366124576,-0.573784884373136,541.057520945212,346.099803415102,19.6900781696103,314.771484482562,422.898338584893,0,636.495795377882,724.98645108212,0,153.893557429858,94.8301805595142,1.12172194231226,4360.51087320834,731.037359030097,308.325168319538,662.093421141676,1240.5817727049,17.1100436794496,449.386112747567,493.465744069365,50.2315490643083,231.642725765775,352.754394490031,21.9500153174555,215.387831190855,65.0403475928912,18.0833014457341,30.9571682184266,52.2006257078896,26.0975132495509,165.791112886955,136.740392380397
"OC05_003",2951.37133994227,191.412996096067,2180.20728389493,76.9673001620811,6.72387527500452,155.524854706266,47.8072708437621,1591.85258270976,1016.83384105586,-0.573784884373136,2363.77986242868,1581.4704512756,0,166.39692885251,43.7152959474822,0,607.067772634114,247.082129631797,0,282.587995489935,86.864977314477,1.12172194231226,-0.784453479288743,-15.2854754780704,62.9205581872808,419.418363793186,174.405636845355,88.4706060666868,1515.05734687262,976.312247461633,50.2315490643083,220.187638205277,166.698071517494,21.9500153174555,181.367406206493,164.096647015414,18.0833014457341,197.499615758008,270.107847464425,113.937952830099,38.2834940101043,52.5577494548549
"OC06_001",4999.9475337641,-42.8383712255797,2915.99161481124,494.781425508673,6.72387527500452,618.220502709618,-1.39872969184666,3003.27125342392,1154.5225285208,-0.573784884373136,267.034634159571,-103.072156975041,0,1536.37171538316,773.47520943324,0,486.292551284426,189.999282583129,0,23.9228171628823,18.4089732033648,1.12172194231226,610.565804916701,220.075853180534,3.81214107991931,2197.07175100793,370.727958394662,87.7087887630951,325.920543378128,602.173864784434,96.14655213994,721.45441337915,610.819131522837,21.9500153174555,382.728077208164,139.970118999786,18.0833014457341,60.5768831786566,230.961239679513,156.451547631956,357.973936700179,523.571938254424
"OC06_002",4694.93309559871,256.119419957381,3761.94120586028,155.575151397163,25.1614286597466,305.58755954584,13.7604436394576,2332.35226525751,984.309764511461,-0.573784884373136,213.649909529353,55.7130936420698,0,1039.56926108232,262.171388305365,0,309.205067937888,69.8352333449728,0,80.5781730907677,19.1458217698259,1.12172194231226,860.445638621934,16.6164709814436,65.2945968898864,1828.11960536161,494.903791991392,17.1100436794496,837.161808615211,498.673642467523,50.2315490643083,734.49509291982,465.176208060549,21.9500153174555,443.993986353036,93.4728994823224,18.0833014457341,528.349278105534,777.666198439811,53.1590186473704,444.922264012926,522.86850163576
"OC06_003",9767.37393649582,-25.2304801894928,2820.74057515825,3060.70524172082,6.72387527500452,193.595350954877,-1.39872969184666,908.738847752092,1385.71964687572,-0.573784884373136,407.225254257746,226.48772051949,0,819.490808161571,891.986816745934,0,72.9312635594542,154.304052927401,0,10.3576353834155,6.56942675395322,1.12172194231226,13.6201325101249,141.590580797998,-25.2713165856613,170.029023298125,805.528487684561,17.1100436794496,205.694645874687,243.301498629922,50.2315490643083,267.137181488117,211.143059373192,21.9500153174555,334.952058830585,95.7281437480031,18.0833014457341,40.9284184437705,34.080979102711,26.0975132495509,148.182687501768,59.8076488053422
"OC07_001",7121.52916213644,2.09184603513712,4232.10860154394,354.12835467781,6.72387527500452,270.274300796009,-1.39872969184666,6993.13667412771,2949.02063755652,-0.573784884373136,2788.96700825192,1578.45386446908,0,114.695414448555,28.4286718458905,0,162.491543842025,143.931461291126,0,15.0431228867883,22.1015994200924,1.12172194231226,-30.7257518805825,-8.81293327820474,-9.01159985404124,-4.66495016672775,-0.179585094853906,17.1100436794496,235.968471746178,211.651310710185,50.2315490643083,144.813162077366,114.26059100999,21.9500153174555,142.658240707243,66.637424503191,18.0833014457341,38.1576489255849,34.080979102711,26.0975132495509,47.7025954232752,25.149940913008
"OC07_002",6670.78195355953,-31.2524505632635,2724.19648035511,81.0561773100436,6.72387527500452,376.166734985199,-1.39872969184666,3385.59565727601,1522.19917028491,-0.573784884373136,2368.3463949852,950.833525307658,0,78.0971600773686,-42.9777106088934,0,166.473603993942,-1.56268065483647,0,27.2066879709723,6.56942675395322,1.12172194231226,279.194971563389,-30.749979356441,41.7711337979007,218.362940794447,-28.4892458170033,17.1100436794496,1189.00525643417,34.2611983635358,50.2315490643083,191.266776654401,81.1731214815138,21.9500153174555,246.137178454412,36.4614450641812,18.0833014457341,90.1679042162396,34.080979102711,26.0975132495509,65.799794874441,-10.800709600688
"OC07_003",3075.67670958369,29.6036455378346,4005.0400056122,107.436697169743,6.72387527500452,250.124937560651,-1.39872969184666,3755.82282775671,1216.06487376571,5.32826021940632,3994.51202572973,1208.71187049907,0,259.104486005219,-23.4245507037783,0,481.09491469621,63.6309620225792,0,63.8064023655497,32.0884108033573,1.12172194231226,-41.7451175009317,-30.749979356441,-25.2713165856613,5.57135720067595,-28.4892458170033,17.1100436794496,1295.81305890615,296.564096375242,50.2315490643083,244.339283677001,171.776308522335,21.9500153174555,355.609081577244,52.9875798711937,18.0833014457341,103.295618730518,34.080979102711,26.0975132495509,223.885569036082,8.88797351198272
"OC08_001",6251.01055766433,13.0940650658171,3071.72281383423,317.545321286639,6.72387527500452,373.132978227982,13.28980670276,743.098259921626,544.732990660967,6.31724442259885,1649.07144001235,1106.55106218112,0,172.400429195664,38.3539618748714,0,699.185375163874,190.5188813107,0,127.23577237995,26.4719162642445,1.12172194231226,13.1000812310159,-30.749979356441,44.9320216636246,212.727563363831,92.4280994622331,17.1100436794496,244.642504167694,200.949848161846,50.2315490643083,226.971854611429,81.1731214815138,21.9500153174555,108.691475230318,36.4614450641812,18.0833014457341,59.1989418257152,34.080979102711,26.0975132495509,54.459574441963,65.9762123102239
"OC08_002",4961.89520612333,181.698854953714,3433.36475506035,47.8199070578318,62.1152009623022,175.972917377055,41.727234535382,1071.92214529264,638.678674348039,19.6584748450834,2903.22592227526,1476.53111973982,0,151.618293450363,-3.52660581958068,0,639.930424090526,129.974177906367,9.12442059929194,108.186434402385,28.0227391327721,1.12172194231226,31.3800940257856,-30.749979356441,-25.2713165856613,283.576658206968,45.8041846607475,100.500769126165,426.768556265955,313.577579617552,77.3487833071311,151.541513805325,108.593721350321,21.9500153174555,106.900081105066,36.4614450641812,18.0833014457341,78.6842684842833,34.080979102711,51.7597198491529,58.6237729542237,33.8893989271486
"OC08_003",6229.73780407226,-9.75566760992442,3023.29974581088,294.19177365063,6.72387527500452,256.907053240931,-1.39872969184666,809.427841819554,510.530005396041,5.52390112909485,975.079346754764,833.768424603695,0,142.965352991011,66.7801672778714,0,556.308868517708,276.560757658735,0,49.8880507469165,12.2992618265055,1.12172194231226,1.47564115499949,-30.749979356441,83.4405050705849,160.616840107157,154.271375103751,17.1100436794496,272.614840181205,197.859702754304,50.2315490643083,227.511150801507,117.791129942025,21.9500153174555,101.079708741032,36.4614450641812,18.0833014457341,22.3861948456599,44.6678281754477,26.0975132495509,29.3249479610398,88.6660404584559
"OC09_001",2788.96483227944,28.5971795415612,2441.68774211095,66.0749069583033,6.72387527500452,160.028793132982,-1.39872969184666,1880.41577340488,1062.29044221823,-0.573784884373136,2687.11769662075,1550.74054538326,0,74.8233247174767,11.2216840778439,0,399.602182274153,126.440397003418,0,48.172853097622,15.4114342300465,1.12172194231226,112.035332739983,6.71435926439307,2.3459502389272,839.666262792122,318.001621772757,17.1100436794496,238.152645182975,74.6543805221004,50.2315490643083,274.939136467497,118.844561173088,21.9500153174555,117.282314584988,45.0505922985482,46.7498804791809,346.276588066223,99.4294559535199,26.0975132495509,71.9248173434763,9.66493467491929
"OC09_002",2624.56416387705,97.8920423278886,3387.8825359144,84.942307296971,6.72387527500452,208.619423957103,7.55401825333436,1348.88650041806,911.811893496536,3.62633736135505,2897.39194518764,1191.9273336389,0,24.0053702384604,-11.0276486758042,0,236.543586835305,39.8645149694242,0,15.3826581484605,13.5191399529494,1.12172194231226,3.81981350829875,8.51205614983871,28.2153596368007,370.531291565299,237.515038785335,17.1100436794496,152.99037407811,81.8840428288634,50.2315490643083,214.466160684852,95.9777742912738,21.9500153174555,111.294004101039,43.2124131066982,18.0833014457341,244.683242500174,123.966455147773,26.0975132495509,49.0399654925774,29.4136756881469
"OC09_003",3440.23010556352,84.3679307132122,3598.33349259478,91.4935964797311,6.72387527500452,162.852463159309,7.8173929018609,2441.06141977083,1381.48855465983,3.74989782871218,2718.17026551861,944.79509287392,0,246.490738948998,11.1364194584294,0,581.888218667924,133.75677448162,0,25.5168397982049,18.3402234669193,1.12172194231226,803.591656011599,77.3100680194991,-3.24725120531133,217.34111150023,30.5092593164582,17.1100436794496,575.686691413892,175.414927852286,50.2315490643083,210.713639123284,106.247905668996,21.9500153174555,153.01368822724,76.4810754562481,18.0833014457341,134.016433470102,131.949488422192,26.0975132495509,145.216234957927,91.3665325468317
"OC10_001",4106.60951898923,1249.46294467666,4771.26928963281,47.8199070578318,6.72387527500452,139.374308566065,-1.39872969184666,1734.51465767267,927.026229531336,-0.573784884373136,625.029914260352,98.8564781583423,0,31.7790084317466,-34.8464116258457,0,283.00737334808,16.511431252616,0,35.7503635902859,11.8755381460829,1.12172194231226,1406.11952041293,-15.7616821481359,-2.88785462631645,310.119307238316,48.8800786137491,27.977006907329,629.896500910412,216.061590917572,50.2315490643083,163.880895157996,81.1731214815138,21.9500153174555,272.437752756625,82.8507688698448,18.0833014457341,589.417474232514,132.120451025214,26.0975132495509,241.175858857948,81.310433031529
"OC10_002",4008.38815925895,499.668251413187,4482.73224808335,47.8199070578318,6.72387527500452,134.209583998069,-1.39872969184666,1665.478103585,503.311784380782,-0.573784884373136,1792.69730242395,1046.11862609892,0,146.338629126557,-25.4299471288244,0,248.236015174988,30.9413757414721,0,7.3380698921009,6.56942675395322,1.12172194231226,28.40226771109,-30.749979356441,-10.6251234775053,220.71469896667,44.558817136086,17.1100436794496,330.678509193796,69.1353889123482,50.2315490643083,205.040349566821,113.697446029524,21.9500153174555,140.455155302107,36.4614450641812,18.0833014457341,117.601829318935,48.1859289481056,26.0975132495509,226.750915098461,73.1288798782371
"OC10_003",3071.17120193671,132.470602670051,3819.03718595888,50.7278166225116,6.72387527500452,139.917596266967,3.51034053221675,2673.54553963419,705.845404416126,-0.573784884373136,1388.90293916394,297.475632447003,0,-79.7656934907308,-42.9777106088934,0,8.82501818112826,-1.56268065483647,0,7.3380698921009,6.56942675395322,1.12172194231226,-57.3618286807458,-30.749979356441,-1.80858972364649,-18.1533395932018,8.92048594737048,17.1100436794496,140.516921930787,47.6561543129689,50.2315490643083,129.087106539718,81.1731214815138,21.9500153174555,101.079708741032,42.1580127867193,18.0833014457341,22.3861948456599,44.916223096895,34.8609746510004,17.3537379681401,-10.800709600688
"OC11_001",4689.92354319423,-42.8383712255797,3519.97252252293,57.8599949790794,6.72387527500452,134.209583998069,15.5507302431637,2627.05311268669,756.154212062491,-0.573784884373136,2985.7158037589,1031.8716599758,0,-6.56952364227874,-17.8427614604133,0,59.2025566016898,17.0604972918799,0,20.3890685288023,6.56942675395322,1.12172194231226,-34.8034243293615,-30.749979356441,35.485689949576,82.3732355524061,81.1253354039092,17.1100436794496,66.0409680027235,59.237629321088,50.2315490643083,145.069402536181,81.1731214815138,21.9500153174555,105.222455099521,36.4614450641812,18.0833014457341,22.3861948456599,34.080979102711,26.0975132495509,32.0410531826962,27.1630301149622
"OC11_002",5026.2185018419,89.5281569754476,4351.58642230502,47.8199070578318,6.72387527500452,141.926330370823,88.4984320444467,1020.89281340724,559.415734991811,-0.573784884373136,2793.09104213403,866.155751748009,0,53.6058838710783,-30.8285299300175,0,168.768217543312,-1.56268065483647,0,12.7427002844224,6.56942675395322,1.12172194231226,-8.78446123179452,-8.35558318037779,-25.2713165856613,386.789975668712,36.5354594241512,17.1100436794496,76.0188597096994,115.750975872677,50.2315490643083,142.324162965217,114.950408470906,21.9500153174555,104.510865773538,36.4614450641812,18.0833014457341,22.3861948456599,34.080979102711,26.0975132495509,44.7238883910633,16.7244107204214
"OC11_003",4938.64568753303,-34.4028537907654,2154.98866414579,47.8199070578318,6.72387527500452,134.209583998069,-1.39872969184666,1215.24982142188,805.591487585194,-0.573784884373136,2146.82170279535,471.947747956348,0,50.0458857527196,-7.06165939290341,0,222.87668945986,58.312506289921,0,10.954573040511,6.56942675395322,212.582884486828,77.661009097974,151.309644950171,50.6537041580687,746.633221338222,494.802107312514,17.1100436794496,68.8849680087197,87.7955083892833,50.2315490643083,146.802233297141,131.100223625839,21.9500153174555,107.967574872475,36.4614450641812,18.0833014457341,48.2953348360449,34.080979102711,26.0975132495509,66.1929630975595,16.3230297775605
"OC12_001",6538.42369332937,-36.6483433009764,4020.41868036031,205.631471766146,6.72387527500452,560.978208028198,36.6604246884391,2320.44086355557,1502.34554014984,-0.573784884373136,816.193707247881,-65.5750821524646,24.1572151562368,1084.14884593032,751.571810584758,0,1518.08459952329,318.470864811383,0,44.4914015181583,27.4480753629836,1.12172194231226,353.638690695177,28.2264287008934,111.155466348719,1732.35864509984,745.283484737681,99.9024662802599,388.286537343975,368.092933486257,50.2315490643083,588.40118329331,303.557222050095,21.9500153174555,171.840652137393,43.2219681483504,18.0833014457341,103.867334197692,291.260111215787,94.0390816444242,181.613462141147,367.749539263929
"OC12_002",3462.78197803672,1847.24458644607,4839.4106540748,140.852765887144,6.72387527500452,644.190773626436,-1.39872969184666,2511.34233687068,972.341494425676,-0.573784884373136,243.486098884099,-65.8920517217964,0,1478.40775627396,158.834828489278,0,406.017136971062,22.5548166741327,0,7.3380698921009,6.56942675395322,1.12172194231226,-57.3618286807458,-30.749979356441,-25.2713165856613,306.085021081683,28.2922417975213,17.1100436794496,246.622369023406,95.7169346721231,50.2315490643083,822.138655889456,274.233409305098,21.9500153174555,444.038012797322,44.7148290475234,18.0833014457341,101.369407967106,44.5466294841256,26.0975132495509,798.999302996639,126.858561156785
"OC12_003",5450.20268159625,-27.6622832496918,3173.781625741,109.450498598981,6.72387527500452,257.010896492678,50.6229881601963,3162.23670874164,1824.92367323754,-0.573784884373136,797.885794601544,102.720549414817,0,1024.68456548668,650.762210359981,0,1175.26910697425,415.544659506209,0,81.0766240694005,58.5189210627015,1.12172194231226,179.55581895333,-30.749979356441,-25.2713165856613,671.317671747416,357.016272494854,92.554074933026,580.323242052313,678.42167653406,148.363971189995,755.878651175377,286.694962315611,21.9500153174555,216.736085451031,50.8796916824706,18.0833014457341,368.649451493708,829.389944591221,26.0975132495509,546.985602757516,650.529797676438
"OC13_001",3151.55707090893,90.0271554065222,3117.06028512035,230.740237211668,6.72387527500452,369.625651616418,-1.39872969184666,1813.13845291475,1076.79709557575,-0.573784884373136,2201.98083262854,572.529364677788,6.5335136583103,564.095105729658,142.340829229624,0,628.994955650527,260.570055867343,0,121.263172671702,78.028268732006,1.12172194231226,9.28713268397593,31.3581639393178,589.690744711777,730.499307889027,2155.60598261673,17.1100436794496,163.10439921205,90.7617034328244,50.2315490643083,229.250326803754,128.011727085926,21.9500153174555,128.897373994013,52.4803581883876,18.0833014457341,67.2310051348917,95.0190178223065,44.4728583464101,61.7337342886551,65.5368751993766
"OC13_002",1742.35213534741,-42.8383712255797,2139.05623774583,132.487220804944,6.72387527500452,398.806071570183,-1.39872969184666,2398.84760281977,1511.46113719151,-0.573784884373136,2000.09265892442,554.435532233764,0,170.262963872085,54.2239365387459,0,273.568343047096,75.6009457840905,0,24.4844255906324,33.7534211478448,1.12172194231226,156.025662769094,20.4415313594082,17.4252927053774,1056.42806637071,334.854051306191,17.1100436794496,114.477807441637,137.749013048033,50.2315490643083,192.079557844692,254.899541893576,21.9500153174555,248.033296312175,186.098829458198,18.0833014457341,31.1604032036007,50.8233368493804,38.8554536098609,60.770058845558,52.1191602093856
"OC13_003",2923.29175716628,-27.8054619135121,1682.56435526663,1774.59427800858,6.72387527500452,1747.39517446153,-1.39872969184666,3955.8944208256,1599.19983968901,-0.573784884373136,214.275972327559,-73.0413137559831,10.7575464188128,881.727925216903,474.230333988768,0,1281.74317527277,764.864766093983,0,65.3427007274684,50.4726671105187,1.12172194231226,290.205850795675,178.5245096306,1159.40746751816,1881.81651689683,2177.06445722689,41.6891276368773,497.502436155975,717.433555205658,50.2315490643083,739.441834673247,654.014014200249,21.9500153174555,236.103001003277,47.1233732662302,18.0833014457341,42.1744509479382,94.9200312185695,26.0975132495509,184.173180304882,306.75588816335
"OC17_001",3765.30216831384,-38.1250401623335,1984.81148458201,419.224192924056,6.72387527500452,513.466759990983,31.6010969838083,2790.12593149048,1070.8945439299,-0.573784884373136,998.908549953795,270.010632349353,0,257.961430535164,413.139819871057,0,1072.23398395978,1058.3716435967,0,100.290959981742,103.979307745143,1.12172194231226,-23.8312590536131,-15.4635363662029,152.165371015198,748.764445899918,543.596274795185,17.1100436794496,353.89037995176,318.566879649003,50.2315490643083,492.024664582708,427.019400078758,21.9500153174555,172.91993447982,68.0028422780926,18.0833014457341,100.97392990636,94.0747773644356,85.0073870397141,240.212550831416,452.653440070302
"OC17_002",3006.79580856315,-29.9581485443346,1219.97852911196,885.237704746855,6.72387527500452,1002.41723107374,11.4531854798202,3017.32041143621,1342.83085658853,-0.573784884373136,366.325316402173,244.49157385442,0,288.780614503714,285.346027433548,8.15747183632848,310.793326170123,251.6305917317,0,12.8601218870028,24.0591375350901,1.12172194231226,-57.3618286807458,-30.749979356441,89.9010690049826,155.849951526662,154.806728716936,17.1100436794496,372.7689934536,393.805435265548,50.2315490643083,458.18683048371,435.119585201031,46.0314827802854,213.262196190845,155.388273586202,18.0833014457341,44.9923442192212,50.2385932417891,26.0975132495509,256.608115407909,373.774049336006
"OC17_003",4372.43044041961,-42.8383712255797,1855.06796532612,479.720513408771,6.72387527500452,653.038317699217,-1.39872969184666,2431.38289075748,1347.1116135018,18.4297866803028,973.64971954151,240.606278911454,0,233.922810376711,248.750718272903,51.4218131331311,1066.09980928609,971.110741117178,0,145.439751779135,387.306512704175,1.12172194231226,-45.4265213976191,-30.749979356441,47.3292759602342,629.76194867728,850.512987058747,17.1100436794496,437.656141444331,932.915826616967,50.2315490643083,340.486825726817,730.026414605253,21.9500153174555,350.952186494607,603.563117740515,18.0833014457341,78.9221936439429,315.471700776878,26.0975132495509,192.197507686275,606.075135535099
"OC18_001",6890.60699119964,-42.8383712255797,2483.79353862757,2210.05170412438,6.72387527500452,362.14489532283,-1.39872969184666,649.305548374348,441.655623330254,-0.573784884373136,451.331598780032,174.669668819956,0,148.68010934277,236.135187010837,0,77.5588676178687,42.7521308699156,0,7.3380698921009,6.56942675395322,1.12172194231226,-48.1283924103365,42.7478023618557,492.199515938991,330.191568311894,943.708509649409,17.1100436794496,62.1780617820222,93.6939027930214,50.2315490643083,535.220944670205,413.741454201666,21.9500153174555,103.199305936923,36.4614450641812,18.0833014457341,22.3861948456599,34.080979102711,26.0975132495509,38.018961225271,169.872640037836
"OC18_002",1343.14737419311,-42.8383712255797,990.397616090045,1709.67536309579,6.72387527500452,2324.61365570142,-1.39872969184666,2662.88547870908,218.815676976527,-0.573784884373136,655.383068887739,179.853744925142,0,654.76221375331,99.4175278076055,0,8.82501818112826,15.7017026279942,0,7.3380698921009,6.56942675395322,1.12172194231226,-57.3618286807458,-30.749979356441,2.8984911895177,715.512221094858,110.079146728272,17.1100436794496,39.8101029154791,80.5693717936641,50.2315490643083,129.087106539718,145.954928808007,21.9500153174555,101.079708741032,39.7437458427681,18.0833014457341,22.3861948456599,34.080979102711,26.0975132495509,164.741817561891,47.8556374502701
"OC18_003",743.993256012951,-28.885977730889,480.865307217984,4125.03047109002,30.8173901781967,2110.38336709286,-1.39872969184666,1644.39584619573,686.827638588102,30.401192587612,259.050738380481,475.946901737594,0,1362.81097441257,401.105145909127,0,716.910365394404,94.1560835962404,0,55.1918030069486,6.56942675395322,1.12172194231226,463.738089852773,13.899349920346,43.7578655357047,1833.21385014732,307.626029667441,64.9857977343184,200.110073336468,134.552599751711,50.2315490643083,1555.06520058205,417.894236221353,21.9500153174555,564.377534881871,118.352582544087,18.0833014457341,22.3861948456599,34.080979102711,26.0975132495509,966.522900844542,542.052643888755
"OC19_001",2835.29190435403,-15.9096503083037,2327.8526658256,86.1308267096548,6.72387527500452,172.984181948061,-1.39872969184666,1112.87221207078,205.038819459788,9.54026857060721,2808.87518198941,1303.79514017435,0,402.619234867336,188.126523101677,0,187.081789256546,85.6684653847592,0,24.6555263609933,17.951161398492,1.12172194231226,58.3787026597611,-22.7124162056069,245.204362136823,850.898667900936,510.877614293333,17.1100436794496,117.156566232992,105.754992366535,50.2315490643083,209.202494032447,263.01799582419,21.9500153174555,152.385392651063,58.5739336384691,18.0833014457341,111.003842793232,202.318571063972,26.0975132495509,79.0679412270966,55.059484790769
"OC19_002",3235.13069236262,-42.8383712255797,1509.02733406079,155.712531634173,6.72387527500452,447.182489674315,18.8392705669814,665.937166090897,296.350960317316,-0.573784884373136,1332.08707201641,621.185760884156,0,1087.94232760867,628.170758652516,0,389.097062502088,130.623662879644,0,51.4491460167658,23.2008417437717,1.12172194231226,15.8335258298827,-30.749979356441,935.95129598021,1711.58390682064,2022.70334090213,61.1350121083888,459.456609368516,186.216685181388,50.2315490643083,208.314341631728,234.699371602321,21.9500153174555,106.680536848411,58.0025068573154,18.0833014457341,85.589792328654,146.755373128106,26.0975132495509,86.8520665285334,233.000631295273
"OC19_003",2925.55925306485,-33.1601742946537,1383.66950413255,116.834374342623,6.72387527500452,236.399163798703,-1.39872969184666,454.299720136552,274.691266393311,-0.573784884373136,867.546601206584,394.559142556461,0,1111.71263612311,878.097022031959,0,425.251290719332,159.364324173619,0,57.1292960148851,11.8187801937971,1.12172194231226,45.9140026908401,-23.3359935113154,1220.6791382644,2091.21611600656,2459.11688003527,17.1100436794496,151.003546703193,322.030359767576,50.2315490643083,251.036106163899,170.632761529777,21.9500153174555,101.079708741032,46.6599140661485,18.0833014457341,30.8793230664101,189.266213981937,26.0975132495509,138.760700677039,244.35168761366
"OC20_001",4451.89438552589,-32.2250995965648,4342.17502707105,255.324689816107,6.72387527500452,290.676660426148,56.9854536153075,1484.24162444441,356.245084242375,54.2073188859044,2142.79181221109,1469.75670268876,0,75.9028444551143,-19.8832933263864,12.3526941225881,310.337692303109,340.663150069678,0,61.9399561064838,66.8508410238178,1.12172194231226,508.908138174591,40.1993221849409,160.758771051272,593.593994682058,658.208947713714,17.1100436794496,97.7299778246118,91.6331185685462,86.943019826425,173.664206562771,123.978025012188,21.9500153174555,101.079708741032,46.22103009167,18.0833014457341,27.0430476370532,34.080979102711,26.0975132495509,42.9569866946636,0.826532894989555
"OC20_002",7539.06002479304,-16.0159266356065,3321.65499063399,147.455215401836,6.72387527500452,205.352767047985,-1.39872969184666,1910.67281304454,988.438088057575,-0.573784884373136,1770.20514401624,1668.11024724326,0,193.259394097858,111.03223048414,0,1273.89204290082,854.263957862251,0,106.999604488312,97.9328792197299,1.12172194231226,287.164327253177,124.095911918859,635.088537292278,1052.80252947657,1287.04466812517,17.1100436794496,132.259554173304,75.9990117284715,50.2315490643083,204.192241390017,159.024057456955,21.9500153174555,113.247137781492,54.2115803629895,18.0833014457341,49.8473228336062,34.080979102711,26.0975132495509,114.41264840058,31.4931229483451
"OC20_003",2667.79673013217,-42.8383712255797,2173.23635211471,155.926887710559,6.72387527500452,841.622323311691,-1.39872969184666,897.829086344507,984.827341697561,-0.573784884373136,769.777079610177,172.722284668256,0,461.931443347595,106.427062927207,22.0648264601399,1138.18568034897,1341.909989694,0,77.838434172353,86.3377991422784,5.94193779527291,1263.58481547219,532.558998171027,971.609580651398,2647.65902607923,3468.93709598958,29.7135965937418,190.953421667003,479.648772721786,50.2315490643083,238.444746272204,269.980762346043,21.9500153174555,114.506962954646,79.5098828100216,18.0833014457341,22.3861948456599,181.466673203831,26.0975132495509,49.0895798527056,143.058688105618
"OC21_001",3748.1784729485,0.154640584731339,2018.00192068847,128.270746664277,6.72387527500452,218.986054223343,-1.39872969184666,879.541522508406,432.77547338559,-0.573784884373136,380.092173339506,209.470394848884,0,1258.95313167315,498.32281595052,12.3151192719301,2039.5331997003,1160.42558739455,0,256.171518573501,93.6666937087789,1.12172194231226,621.246563674682,64.9266783556891,1470.0339160918,1275.75594367561,2238.0727388222,17.1100436794496,728.252291562085,476.359868217717,50.2315490643083,437.571372139804,472.867161531922,21.9500153174555,694.94183972219,168.071546333866,18.0833014457341,380.808229736971,373.815923113343,26.0975132495509,219.598963196456,179.5942675757
"OC21_002",2940.61720404004,-42.8383712255797,1573.28661666168,256.17660655318,6.72387527500452,418.382911469469,-1.39872969184666,435.6838794273,461.130028934184,-0.573784884373136,665.66887372796,225.401989418992,0,382.187932116715,175.129838186768,0,131.700888860245,97.8846461911803,0,31.2125912213643,21.1670622172182,1.12172194231226,-40.8551652189405,-30.749979356441,873.674035563496,132.306862123062,496.985766264098,17.1100436794496,79.7974227522755,100.947971694846,50.2315490643083,168.069530008332,127.818123661235,21.9500153174555,116.236569767643,86.0920682143094,18.0833014457341,34.6033696361607,74.538416754466,26.0975132495509,37.504645388365,31.4337625290745
"OC21_003",3277.27743885896,782.249066114089,4223.82441365189,60.8479524475335,6.72387527500452,179.438797602369,-1.39872969184666,1068.05957601741,610.804375227729,-0.573784884373136,1780.32411888928,672.817739415795,0,841.791948811901,155.388808484373,3.4899994067001,419.923029785616,173.677019100967,0,52.9811971146011,26.4840203787239,1.12172194231226,-10.0258593005327,-30.749979356441,585.726724414027,557.143985462766,691.406512120852,17.1100436794496,406.757873170071,125.237575625611,50.2315490643083,259.508129698297,180.160444274125,21.9500153174555,115.56809421671,36.4614450641812,18.0833014457341,22.3861948456599,34.080979102711,35.9130500096797,184.292590737741,104.434713497459
"OC22_001",10547.21488217,-27.8757574051172,4639.37376819798,47.8199070578318,6.72387527500452,134.209583998069,102.840897484885,3400.90890176672,1263.09634764993,-0.573784884373136,1152.96181643867,2368.55270644581,0,467.090061778816,205.232166524637,0,2404.50475502284,191.538149460961,0,372.982904755314,6.56942675395322,1.12172194231226,1716.70184227986,-30.749979356441,99.2810828003412,1973.99956385377,60.0751576883483,17.1100436794496,1268.94128097018,774.19468570656,50.2315490643083,296.673491133294,81.1731214815138,21.9500153174555,182.529350503367,130.864470428406,18.0833014457341,160.256263549383,34.080979102711,26.0975132495509,140.078494721703,64.1783573127667
"OC22_002",7532.41910851347,-31.3036020099788,5800.62622477983,164.559543741125,6.72387527500452,244.944248848608,29.7187446346223,2452.91399535127,824.130243963804,14.0247715532431,632.744633063755,559.720516895059,13.1674237935348,646.895441907252,89.672081154079,32.918559483837,2235.85476529991,423.866174594293,13.1674237935348,304.051551952422,51.0865883632637,6.87475381200822,3006.14366514764,81.0266159710064,98.6660699651347,4199.56695572715,318.605581085053,212.664012503528,2034.29217008907,1118.89562355353,50.2315490643083,217.907537685421,133.858039136102,60.8212359622106,239.217752650281,74.9006249603057,114.568072440361,174.221719547293,226.004787028376,81.6470924415315,217.70274852615,218.175043327517
"OC22_003",5700.27948120216,17.757877472563,5473.26922923548,108.160080277849,6.72387527500452,206.356374112868,24.0675151380384,4907.97986222226,1617.80869138215,11.3735347631921,2533.95879029442,988.205892389948,0,141.702345088238,88.0845591062994,0,817.753579074009,333.458729184853,0,132.037393233231,63.586229265172,1.12172194231226,57.5930632404534,17.5670301492177,253.658921775085,1073.33365965437,356.020221481867,29.4207749803104,930.938811646945,561.715788820195,50.2315490643083,315.729243355141,226.925432346342,37.8559338279079,120.871208305855,86.3090777011374,33.8757451044055,86.1978796331747,139.429261409802,71.5587601701199,210.312927522304,259.739151648965
"OC24_001",2477.20923707242,51.7193717342643,2060.41415347325,857.50343335651,6.72387527500452,1432.35679404038,-1.39872969184666,3774.08602323281,2002.2997197985,-0.573784884373136,-32.8820391473448,-64.7349437322983,0,420.431798912053,103.007436875659,0,182.695119260822,34.4921284361786,0,22.7815406358214,17.1542252900303,1.12172194231226,78.7762817696071,-30.749979356441,236.048824218786,655.022813253389,502.050280092481,17.1100436794496,911.500845881016,215.591779909416,50.2315490643083,557.761945164533,284.107885277895,21.9500153174555,3292.40076872122,1589.05834017672,18.0833014457341,164.636605617313,53.638202504057,26.0975132495509,1870.4698207979,564.937432514617
"OC24_002",3739.1104204295,472.439850829726,2691.5010260584,267.37766603299,50.3416059191918,613.608589175577,-1.39872969184666,2728.42000755425,2194.06432949886,-0.573784884373136,715.269629794023,20.0028561198546,0,1006.16189505463,440.843935185076,0,883.849749632132,299.557846891442,0,98.3017508740731,19.198216086917,1.12172194231226,248.111661831767,272.469136918891,539.401097456769,913.022211120607,1375.59772198715,17.1100436794496,472.207045855491,308.300289531686,50.2315490643083,284.685666900121,188.783226318147,21.9500153174555,2611.77555926251,1827.53632990484,18.0833014457341,146.51508520175,34.080979102711,26.0975132495509,543.820743537823,383.811056568269
"OC24_003",2162.78481541507,10.4876360744492,799.440458712149,1413.57579611283,15.9324096537108,1221.63298481307,41.2983007195228,2126.24049754751,1206.12918294218,-0.573784884373136,-50.1502579954879,-99.20290299407,13.550502723651,625.452469940224,353.194583121632,0,532.43526164047,328.664186530494,0,39.3450148953173,43.5013983402232,1.12172194231226,1061.75150355003,99.6532777832277,612.44412432061,804.702516428767,829.763363169566,109.991523659174,404.346384858041,561.502841378645,90.5028356042741,248.541005109243,356.533773699171,101.954211958718,4771.72432170858,1023.04609994704,18.0833014457341,78.5418553347631,102.319105364917,254.760229948376,398.135881835727,683.744316940624
"OC25_001",4166.3483691139,-33.5532955119068,2278.89488705965,75.2835259157776,6.72387527500452,192.755639410721,-1.39872969184666,3131.53676422728,1285.78962020757,-0.573784884373136,825.971380894545,641.243562182198,0,737.358871820011,72.2403118071345,0,759.189274482393,88.073944727587,0,55.1068131534996,6.56942675395322,1.12172194231226,33.4622776906651,-30.749979356441,-11.4217759282349,1481.49455657048,245.585676749492,17.1100436794496,223.827665986129,154.477146014233,50.2315490643083,428.075660851442,209.305291456172,21.9500153174555,161.7321669029,124.104451202125,18.0833014457341,91.6454156154568,172.999915636373,26.0975132495509,178.627509243475,6.60178040521888
"OC25_002",4272.50798754993,-35.8801730692708,2767.62615163258,85.7353499469428,6.72387527500452,183.449039012507,-1.39872969184666,1761.10242033694,1540.11183210909,-0.573784884373136,1871.86753711423,-77.1721404227548,0,418.814232298309,-4.21661839443451,5.07846224163323,120.137497058385,-1.56268065483647,0,19.2706375070746,6.56942675395322,1.12172194231226,165.390520099662,88.3295534135855,-10.9311233680489,913.497605000242,140.549524289679,17.1100436794496,195.699339423543,92.0361557235924,50.2315490643083,231.375738276148,81.1731214815138,21.9500153174555,142.744689829055,85.6021751286567,18.0833014457341,59.0233099294076,96.3935652346853,26.0975132495509,71.068365257203,8.7141633256017
"OC25_003",5933.22930250065,-37.3970896813651,2402.85576246858,135.454069334081,6.72387527500452,193.996694757359,-1.39872969184666,2357.27766448401,865.00937590636,-0.573784884373136,1559.19431224158,1267.72979987519,0,236.854271045908,51.1506144384641,0,143.896223600185,35.7992526272405,0,26.0005047581098,6.56942675395322,1.12172194231226,-44.4587623757689,-30.749979356441,-25.2713165856613,204.004520604386,35.4844100342527,17.1100436794496,167.966351188555,124.455361224177,50.2315490643083,323.34678075638,174.636197981205,21.9500153174555,121.813606339106,44.9853361775044,18.0833014457341,46.2612524468043,34.080979102711,63.8260690814642,82.9859433979458,9.50944676399541
"OC26_001",3880.12003599472,164.953063157806,2328.88203888309,2539.90834691339,6.72387527500452,2196.02917245233,-1.39872969184666,2831.5011117044,1306.11593276128,-0.573784884373136,-61.0057517092487,-107.38460690336,0,1399.91071736079,516.020332535909,0,1322.59586714508,445.312597816513,0,27.8961551858212,6.56942675395322,1.12172194231226,245.863870991281,-30.749979356441,344.982625198418,1704.50961622567,834.660285911606,17.1100436794496,260.178981161129,319.306358074234,50.2315490643083,733.29908466827,953.668596509199,21.9500153174555,201.140478712418,73.760882769942,18.0833014457341,43.4263420324897,45.9053070159559,26.0975132495509,237.142225390179,403.947423173458
"OC26_002",2189.65458268508,167.306234645943,1363.34693684095,670.55335712557,25.3333914177058,1271.61004943101,-1.39872969184666,1885.91462610087,1110.14857799507,-0.573784884373136,-100.953435920909,-125.863954859558,0,1669.31215761821,758.950616492449,0,1471.23050051468,881.040611101156,0,16.5784694609003,16.7306211133658,1.12172194231226,1313.02340928039,772.921808561833,429.539822976245,2223.86131735483,2351.36489805277,17.1100436794496,535.064514604279,463.643047035025,50.2315490643083,589.263941220082,427.507884522549,21.9500153174555,150.943382503795,56.2026621273851,18.0833014457341,31.8432704543523,34.080979102711,26.0975132495509,313.723766896182,635.972460154706
"OC26_003",2219.4252675598,-17.2575594050152,1262.43728194322,4814.08452707768,21.4485094645687,2191.7336183952,9.77669413721141,1606.5732887718,1113.96928851415,-0.573784884373136,-64.9429782626073,-48.0688853732401,14.1867113075182,1236.51899164675,461.979564810539,14.1867113075182,1645.7221064642,819.067543078152,0,36.583645622847,25.2210421637266,7.32009480233991,1120.46306500614,241.459239097192,782.593372983293,2224.27592145956,1302.99342510197,17.1100436794496,480.659557857577,474.495710075572,50.2315490643083,809.557448895364,279.836492599294,21.9500153174555,170.70484188205,72.6978928044666,18.0833014457341,37.3518691569352,34.080979102711,26.0975132495509,527.495108820862,924.56855906014
"OC27_001",2358.68635807122,-42.8383712255797,2066.09087113733,386.1942604211,6.72387527500452,1522.50322312726,-1.39872969184666,2767.63496085156,587.427595051838,3.20074625119853,503.836294497232,350.058437661296,0,1458.22134820936,563.194705245336,0,379.091086996858,176.577777692583,0,41.1930876183802,10.3728903448172,1.12172194231226,59.6736872138021,-30.749979356441,-20.4646201866397,52.9661706991374,13.1049726381424,17.1100436794496,130.53587057252,51.636664067973,50.2315490643083,543.676770770689,202.708261835442,21.9500153174555,122.572738555276,36.4614450641812,18.0833014457341,22.3861948456599,34.080979102711,26.0975132495509,303.101593811485,42.0201004311792
"OC27_002",2614.19876521303,616.151121339298,2855.4950117602,278.72876305839,6.72387527500452,1232.49579219981,-1.39872969184666,3082.34727383881,964.743942023602,-0.573784884373136,282.883998284073,89.862493191676,2.7491862408727,1399.12814183646,341.931939505437,2.7491862408727,1220.55624289289,228.783241529499,0,7.3380698921009,14.2978673187398,1.12172194231226,-57.3618286807458,1.99608143495797,29.0693519212017,113.735731141995,63.0711544902205,17.1100436794496,418.368793243738,60.7407315786272,58.4019667318888,744.162720273014,245.80851872216,21.9500153174555,101.079708741032,81.5059990859809,18.0833014457341,22.3861948456599,62.6402073495953,26.0975132495509,441.282631930878,105.47252958242
"OC27_003",2642.72043084513,265.73726100987,2498.97153071022,285.17729999453,6.72387527500452,1214.22127765143,-1.39872969184666,4181.24287918052,1320.62376454536,-0.573784884373136,88.4439417775147,-15.8276100100563,0,625.100959691887,209.50018530506,0,264.155080105636,112.968653306728,0,7.3380698921009,13.2941390828471,1.12172194231226,-57.3618286807458,-30.749979356441,20.3272364648951,74.4833879561054,14.409461918214,17.1100436794496,84.1256756690029,72.6620551258981,50.2315490643083,507.103781972059,467.957405588009,21.9500153174555,185.066955233325,88.7206583324811,18.0833014457341,22.3861948456599,34.080979102711,26.0975132495509,166.234100955735,191.543884629019
"OC28_001",3494.94147961177,9.97186621030154,2317.484805964,166.64359338478,6.72387527500452,527.982165352863,-1.39872969184666,910.793377816662,850.171911924365,-0.573784884373136,1206.05178029675,730.800750369491,0,290.596502470235,166.2561720516,0,1348.88739978723,988.888631046621,0,180.918924214848,117.821308028545,1.12172194231226,866.212548768395,826.311283658432,454.098422227693,1096.91349324251,1630.56139533468,17.1100436794496,252.169210027924,426.988229502739,50.2315490643083,178.378164392325,167.353027147044,21.9500153174555,115.453450428644,46.2860217788674,18.0833014457341,30.110156259691,52.7679659039096,26.0975132495509,55.5732528823115,82.8366617074546
"OC28_002",3282.76018255307,237.60376865891,3246.43549662737,67.4491146763675,40.5107107840144,509.166756273418,15.170072827416,2219.63373061638,1064.3279574545,-0.573784884373136,860.602274995407,503.149542126925,0,274.643507203512,130.958637206812,0,1825.65906099858,578.371415068757,0,326.092910137048,192.301368726689,1.12172194231226,433.670716217545,-21.0343984402051,143.007440728381,1117.44405570183,861.702655673188,17.1100436794496,635.508829288867,654.911721427151,50.2315490643083,329.968066594752,213.058511945588,21.9500153174555,118.830860317994,49.8259230764343,18.0833014457341,68.1727563069369,72.211144626263,55.6754281536912,111.753709413871,21.0432727487544
"OC28_003",4572.92500294099,356.96284075975,3230.90891922523,355.77217117887,27.6448354367281,373.027422721186,25.9632898838515,1148.31416095754,1160.71720861655,12.2629248958681,1840.89534686906,1167.12140645938,0,534.893460446505,173.218149123179,17.3674429913684,1322.05801119199,531.228164658538,0,168.354050184676,74.042214596283,1.12172194231226,53.9634021796716,-30.749979356441,121.851459764052,414.658074340532,189.519057865764,17.1100436794496,293.835864127766,286.455732208452,50.2315490643083,201.174674570539,159.573573113747,21.9500153174555,110.97214218247,36.4614450641812,18.0833014457341,33.0179114651948,79.4146159420786,26.0975132495509,34.8896037466088,17.5942011909497
